r,Dflat_metric_X,finiteF_metric_X,heavy_metric_shift,V_over_S,dV_dr_over_S,d2V_dr2_over_S,radial_kinetic_B,finiteF_radial_kinetic_B,kahler_metric_C,clock_metric,force_relative_Dflat_error,kinetic_relative_Dflat_error
0.0,1.0,1.00000000000000000000000500278359374999999999994994431262821,5.00278359374999999999994994431262821166992187587646220045112e-24,0.999999999999999999999997498608203125000000000025027843685894,-0.942809041582063365867783049467254853896812511157878362485022,1.77777777777777777777773330859027777777777777902360821903118,1.0,1.00000000000000000000000000000000000000000000088275707464517,1.0,1.0,1.00055671874999999999998248050941987408447265662562665733619e-23,8.82757074645173095092727887659275446878490434186980259984926e-46
0.01,1.00942809041582063365867792482806465385713114583584632048784,1.00942809041582063365868283459576697183587442625775907098357,4.9097677023179787432804219127504957209582055008470278752165e-24,0.990659968248023635108884900358835651467145750908905220695323,-0.925279555884843820694353873048832133640143725819882812504738,1.72842808628380613155831880124613533690420660588151855087784,0.999960002637167530584299690962553463764236186637489010006317,0.999960002637167530584299654173654159834012723054511157523537,1.00003999896268549286976386481231528960562047813174446508655,1.0,9.72782063216700156142388382060281324443997565222277720905475e-24,3.67903708217407217232012541939176938871233385916353295775449e-26
0.02,1.01885618083164126731735584965612930771426229167169264097569,1.01885618083164126731736066897817054111919420093319211073898,4.81932204123340493190926149946976328850954277682885551764653e-24,0.981492794384139760152918423092133446962764651638672076856108,-0.908234447807625552369855993836205374761938477965615681043678,1.68088816729830115251307808504186249643818979841195016303718,0.999840042185318276249997478876530986316185148306597009165128,0.999840042185318276249997408034996995698871205550130262050055,1.00015998340527761729821565631634747406189151937689346449087,1.0,9.46025971457450205154410370181550950244421094781332413066298e-24,7.08528674604602229739609106620646726710137996005732081388063e-26
0.03,1.02828427124746190097603377448419396157139343750753896146353,1.02828427124746190097603850583697465394505912123423595289752,4.7313527806923736656837266969914339854921633871342587351408e-24,0.972493723731523317678106475161441554835440671337880811411269,-0.891656034477297293426359573635546148814235964183229139119694,1.63507581471912726638645227881802654747614591228561654873726,0.999640213484229209548559613060128575598888775734925258257375,0.999640213484229209548559510764118186890663975632044831439285,1.00035991600869752986522252836432819657727383338770855394238,1.0,9.20242176796604773417104648463018598666858331384747124487778e-24,1.02332828360473009714988938062968915931000488433508752651776e-25
0.04,1.03771236166328253463471169931225861542852458334338528195138,1.03771236166328253463471634508259248628357128891813220009207,4.64577033387085504670557474691814068768276474483510324491948e-24,0.963658174406985177617898268620387552399776711385467770317403,-0.875527432639542880889999735057358508470867265359814720134271,1.59091326294431502073469791077645885934969430543919697920939,0.999360674366608830953648374958349374839749865573568239748122,0.9993606743666088309536482436753046371923402624626050411773,1.00063973463214006425946494047755416999697282101684317298952,1.0,8.95386911730423638125870263064835577934492509766892815291318e-24,1.31367031047978876067680643892012241943796904126685799041782e-25
0.05,1.04714045207910316829338962414032326928565572917923160243922,1.04714045207910316829339418662945201828918220725717460994854,4.5624891287490035264780779430075093203016096147796348415947e-24,0.954981729542101501710409209364625527740772918730580244766743,-0.859832515657560032454536306076544257798273406710274587728676,1.54832690953469131129610330230028472402383582338807880858651,0.99900164530878341447183126831882793524384121476686409116223,0.999001645308783414471831110392354571647252206442336276096025,1.00099935239937267779176661822635428479186621510012628792578,1.0,8.71418751837951840595072905798277279600479347210028291976548e-24,1.58084297563676964548172848792419879168128502063126037285502e-25
0.06,1.05656854249492380195206754896838792314278687501507792292707,1.05656854249492380195207203039578204711137829734855879631923,4.48142739412396859142233348087339216744021138450197518169622e-24,0.946460129920822831107474368231295611492469248383353059927507,-0.844555873184699970455110882823358236615405643866823383861525,1.50724705749716218058292186028356396030063937823936690025305,0.998563408943781733933080746907061837829415383695224439026719,0.998563408943781733933080564563339159819627706223598116949216,1.0014386578191742502703469729298908811965941811954290881859,1.0,8.48298470734661163097867230159510774865080100430754942032955e-24,1.82606052900417847520845067391706648003126402149975446430896e-25
0.07,1.06599663291074443561074547379645257699991802085092424341491,1.06599663291074443561074987630341138877773860329831847542636,4.40250695881177782058244739423201145234105567346192505167714e-24,0.938089267007778332236326374610805683035538585224122869916036,-0.829682773322678618059256230131517700630793600423152132109046,1.46760767564075230016608250582260817529491818356761871218818,0.998046309438923974637558115397951201689910666362022720661652,0.998046309438923974637557910751709006858952918233005509689227,1.00195751493953656325256556507661618848560547400898690890128,1.0,8.25988905197676801695081074970587537985367018474399696876299e-24,2.05046840271247357149838036445388036944155527456312784297968e-25
0.08,1.07542472332656506926942339862451723085704916668677056390276,1.07542472332656506926942772427758034822767548429755710440416,4.32565306311737062631761078654050140525408673533084190839004e-24,0.92986517634329903188976987722943790568179882370793795964622,-0.81519912709180532942865700689256545154850846938794256188024,1.42934617559200818734341051179645301249842118152168699492494,0.997450751740596273340748341128672847929796280174155630551774,0.997450751740596273340748116188769355190918404695564392618023,1.00255576353514714804157935246292244392090082878483246968888,1.0,8.04454829667113090991450035485288232246133728870311070039421e-24,2.25514796695685138503101562762794802630788728139947236619518e-25
0.09,1.0848528137423857029281013234525818847141803125226168843906,1.08485281374238570292810557424676360828964973328065296489096,4.25079418172357546942075803608050036252517507063916305422193e-24,0.921784031282850822997478730489838833832592434586688884908106,-0.80109145505319020365450177712072455818448151205921517311248,1.39240320417812979915776497869403975964456864617277784862771,0.996777200689449029709618829268560220032147604105868910368023,0.996777200689449029709618585943192414334018594777163152906506,1.00323321932757072529563191045455433949588070080583848083096,1.0,7.83662839396568911325755141330340679370946962046091975562135e-24,2.4411209208777576772324505710334693552935451155115367213869e-25
0.1,1.09428090415820633658677924828064653857131145835846320487845,1.09428090415820633658678342614250375395730294734712044908606,4.17786185721538599148898865724420761527564608233141877863383e-24,0.913842137060105714206162691109491834708518817506917380628104,-0.787346855935246765704060047194921017589318905868593383231318,1.35672244999651365213513324653689751342965411901001486984454,0.996026180009790979486085283361482131537055134732571610842411,0.996026180009790979486085023463057426132769868303122453253739,1.00398967423744821415768378520721459701909334516846247688592,1.0,7.63581241587922114904952540093652336618824190537683833667808e-24,2.60935334754804811211538996865127617017300523750122702213626e-25
0.11,1.10370899457402697024545717310871119242844260419430952536629,1.10370899457402697024546127989925470830632092753746954013007,4.10679054351587787832334316001476377675808604255529152014958e-24,0.906035925154299270800484144406631268035189841884824451959645,-0.773952977128111642578087205217146866544564481000351690946201,1.32225046308943249066994642684504609921132580207184345144686,0.995198271177458438577694884717274794067005923374450434073753,0.995198271177458438577694609966970653592089256300350733885239,1.00482489666793778301621883897256791080185395705200174136825,1.0,7.44179953901867190373707545699859430230970016312463153660221e-24,2.76075945967437186561222066201769198806510505278649273969841e-25
0.12,1.11313708498984760390413509793677584628557375003015584585413,1.11313708498984760390413913545423441132123498619958333722671,4.03751745856503566123616942749137257529712485501056241424238e-24,0.898361947943833464440704308822836813726603989287852224178779,-0.760897986919954308603899682826129116849342364814145473807984,1.28893648673337732824735405877560510219013432847264509171925,0.994294112170916817981695173789728306971565881567947295133961,0.994294112170916817981694885821764389813035143676525906024744,1.00573863181853213400937126850124939666964130578899770236779,1.0,7.25430409786744270681961971167228747249012604365028564682377e-24,2.89620506037611450145743734465343472270125008705704511926813e-25
0.13,1.12256517540566823756281302276484050014270489586600216634198,1.12256517540566823756281699274728612323517199431532780699758,3.96998244562309246709844932564065560564300323817139680984892e-24,0.890816873629296302447282378766727466414626433154189143431016,-0.748170548358635725985891933242327307245324065749539186839285,1.2567323004350708666924255268543005411658933046483817723231,0.993314396110796477664736016433671566460424399427662404457168,0.993314396110796477664735716799317023574045627252719392431495,1.00673060202830061000944674529798907693325921410674849320426,1.0,7.07305470114630208388342974336004819907705124426832284410613e-24,3.01651074137321273932262226337649904833538718307766156795146e-25
0.14,1.13199326582148887122149094759290515399983604170184848682982,1.13199326582148887122149485172074778014485076315602902829835,3.90412784262614501472145418054146852446644155831043851596756e-24,0.883397481410190899109662565606207698299967783996540822552171,-0.735759794630873742401442905922194369392821931268605255207731,1.22559207330115116923692233243716776109467304221575278724573,0.992259869793474571845498369844093194231962542466134282115887,0.992259869793474571845498060015429988855293920491275675100651,1.00780050714752419770132023508807614546247897100388209540395,1.0,6.8977934065586772815030285300575117921822859499110932742473e-24,3.12245483907218076727443003882614338751492726346578756185798e-25
0.15,1.14142135623730950488016887242096980785696718753769480731767,1.14142135623730950488017271231932887202559972511203659746052,3.83989835906416863253757434179014285642718726850325662946775e-24,0.876100656900704586856969064684423383848570353884215338522368,-0.723655305859056608203328810552431668667822016238889951013969,1.19547222701675755899493759563410741533621699292259257482484,0.991131332124686431966446255701621466495842833403691909201296,0.991131332124686431966445937075082941879305886151430775197287,1.00894802493661644300743410824585754089054233264238690246415,1.0,6.72827494961611150026885193784915545480620956052055065052805e-24,3.21477616736802585471350674052593732221090061664287636527719e-25
0.16,1.15084944665313013853884679724903446171409833337354112780551,1.15084944665313013853885057448999435217756944518193136806646,3.77724095989046347111180839024026094839697093788696034216173e-24,0.86892338777081007289775858231147758998843725308973593893918,-0.711847087223178154697087687179096362163580224542038870346168,1.16633130773038578023409119826506997604742871623908553861474,0.989929632459482302398825945456004011554205830532258809395508,0.989929632459482302398825619355706420082476682861734528087107,1.01017281149115402048632621537030467967115002431393955955482,1.0,6.56426602258937609592761235845330334835958886046163041285509e-24,3.29417654446078998503971748661113142918989432781148767952939e-25
0.17,1.16027753706895077219752472207709911557122947920938744829336,1.16027753706895077219752843818185512289227657684297036717224,3.71610475600732104709763358291887888417102390379960273500512e-24,0.861862759599881745532144124489874352290974984904779132474386,-0.70032554832210700950673492792926621191142350959868869737722,1.13812986619900622625644396544307744785269164302787153904192,0.988655668855136337145731679223394296841858041954855265220814,0.988655668855136337145731346904277603197852373840565355152163,1.01147450169177748496657505721539213355299807496080922607651,1.0,6.40554459994942989892859891760288873730801852603487169621761e-24,3.36132312960355223257439891262453396727017211417159229078605e-25
0.18,1.1697056274847714058562026469051637694283606250452337687812,1.16970562748477140585620630334606467501615231538082256539477,3.65644090090558779169033558879661356556244847965770490092799e-24,0.854915951930836690839987701159012774731094133282329228572806,-0.689081483694600107906704908208417435005230522387436961451683,1.11083034559908594543943663674121010466546139077984313109205,0.987310386243863524227846020636657532286149726645408991397807,0.987310386243863524227845683287450506195461534116875600677496,1.01285270967766581227302216542637121582940194193668059595075,1.0,6.25189930695309339319572821028176313358696479180090393670581e-24,3.41685058443987811614472501011349166250383426094509029917107e-25
0.19,1.17913371790059203951488057173322842328549177088108008926905,1.17913371790059203951488416993572148935632041522233237981961,3.59820249306607082864434125229055056119668103178871839313184e-24,0.848080234513576963491374733932458865191199474522391574355079,-0.678106054426175076200329824649648496761322732890302612776146,1.08439697645629614204286915911123496436170728581510159442305,0.985894774532405861993199631148047234079902647080061611210171,0.985894774532405861993199289894070646234484612641509558534364,1.01430702934223788848005822364098506354163597424891323422532,1.0,6.10312882829362127246644905431310874888924636455242285633407e-24,3.4613630724404308386062182756537818761605613487087555684595e-25
0.2,1.18856180831641267317355849656129307714262291671692640975689,1.18856180831641267317356203790577683575100155109041063263207,3.54134448375860837863437348422287517493047529292752150850921e-24,0.841352963727221882654143162593599805906733763373856879858558,-0.667390770773209708331432683593676244579406113410358420821581,1.05879567818974746418720957536067533078798043359541572849942,0.984409866635711292512189543985312724608212932999937106383072,0.984409866635711292512189199891133345054501818894926542717055,1.01583703484969026671046515812409636744161671130540565336921,1.0,5.9590413539787074774528940926135959530502240359335535890483e-24,3.49543610889963277192376902815840004722668506735700588809085e-25
0.21,1.19798989873223330683223642138935773099975406255277273024474,1.19798989873223330683223990721294763131892735930001107255845,3.48582358990031917329674723834231371356772937143534088131256e-24,0.834731579171280904629228155490640413366921939860397200571437,-0.656927475740478588821339694289866011068276746644950459086485,1.03399396680595780798271248509308951691277077813634715765195,0.982856736452047608382827618396656256014249051803871431970988,0.98285673645204760838282727246860332083177587258488422037641,1.01744228117094336130093593728363967544714340105595094017158,1.0,5.81945405981999378797198055408704040285611605521490978160299e-24,3.51961827299394904799714078103376324632422341006447282549385e-25
0.22,1.20741798914805394049091434621742238485688520838861905073258,1.20741798914805394049091777781563404309589967242907252160699,3.43159821165823901446404045347087441407972250193437107938488e-24,0.828213600416532897034850541910686473006776273760709472610267,-0.646708329552802165991016003408239175566817944646499515978452,1.00996086831376545420545297083056480017694622799146885763464,0.98123649678696916813242150817828205537659749899512064821724,0.981236496786969168132421161366836908785263089641565923586606,1.01912230463753782726626242600490511361157227662366020601259,1.0,5.68419262012081129678265092982494723196323028486110660908592e-24,3.53443279252469193679525266388923734421455209306391166619743e-25
0.23,1.21684607956387457414959227104548703871401635422446537122042,1.21684607956387457414959564967384154213178541006897305783573,3.37862835450341776905584450768661530874338057243383495108172e-24,0.821796623906950008470951843987248788840896350038202243075525,-0.636725794965604218547359741994519735909942641348115986437769,0.986666837464363525677005007870207602244388623237074007156241,0.979550297233587513794902937079278846115400338954542235022903,0.979550297233587513794902590281347575756748454257275593059382,1.02087662351199916753483150888392110120768773400670924261761,1.0,5.55309075033440515861070408199853333679926185145939774463705e-24,3.5403790111623009264810767336213453210616823069545979239026e-25
0.24,1.22627416997969520780827019587355169257114750006031169170827,1.22627416997969520780827352274910713631184257011072795658729,3.32687555544374069507005041626487902254743629898230453552654e-24,0.815478320004537091264469597986232305940499033540243346066789,-0.62697262336297871725156171436421453272450275786578748702289,0.964083681450828755824831307372996777296416823838029251288575,0.977799322016588948470803425649477747648663851478841467007899,0.977799322016588948470803079710555805746799123369160451292638,1.02270473857317156514756017427723861301659087589009246384914,1.0,5.42598977763484570910386174608416589876569204480463487197546e-24,3.53793374726877551123372391052096659330631483946625109272287e-25
0.25,1.23570226039551584146694812070161634642827864589615801219611,1.23570226039551584146695139700442952782232546982360729609565,3.27630281318139404682392744928389953438086713772431916918912e-24,0.809256430169453814917347975850122759363954050409309287105862,-0.617441841595382945075377449465499638564029349285606467460185,0.942184488229199703302874449596110365996921700070596405890867,0.975984787807394179315670183812994426109065481987702490480804,0.975984787807394179315669839529231464058476228677079604059165,1.02460613371501145288585989143689876120706026824915333828237,1.0,5.30273823749862779854800757088702910696683823598941331244989e-24,3.52755255269402113565712744363992119706820184803401204722598e-25
0.26,1.24513035081133647512562604552968100028540979173200433268396,1.24513035081133647512562927240420295842914360121611071636985,3.22687452195814373380948410638368588902690728163250094286939e-24,0.803128764268248974355655001277484205198193208726247354582369,-0.60812673951232439941017785924775013976757091584083025175404,0.920943559148553596864678658643611476202358272879410387090701,0.974107941517768925293379496198493865563422191578178064036325,0.974107941517768925293379154318666300154685321686681920310076,1.02658027655732726798449572975894829805338754017455515923872,1.0,5.18319149453788123511683171047456992394486476451275103836599e-24,3.50967087931468659424744333587768673035555804091447844563115e-25
0.27,1.2545584412271571087843039703577456541425409375678506531718,1.25455844122715710878430714891415452169583534821126103871695,3.17855640886755329441064341038554514792717440684495214062847e-24,0.797093198003467591120289868813906972817106941622949425637823,-0.599020858148416298257110802413796026364579640244269855541574,0.900336345600841726188467648164568354203166549094748542547019,0.972170058079071848951322223186766797742456869402348548095199,0.972170058079071848951321884414164970025283284965748747315578,1.02862661906695401572409726299738845843969027389543525099642,1.0,5.06721138595731109571187688700006607682548972869670810692268e-24,3.48470516050560122862061447490816070288957932075111022659337e-25
0.28,1.26398653164297774244298189518581030799967208340369697365965,1.26398653164297774244298502650128473603881886662695399816264,3.1313154744280391467832232570245029918288713185304556585637e-24,0.791147670458293559862071796561586874215780445664930856386141,-0.590117978523960341179536335001349107119166942260957456599645,0.880339389422655778332744286778942852997397734947776798083926,0.970172438214169444001099822988685890569208748001478615860804,0.97017243821416944400109948798292206988510417012789147741434,1.03074459818785946844118560033681860202463549851092942552329,1.0,4.95466588612749893894629448863624024688293628453926621130589e-24,3.45305381419967986174197352579414649671635610150773028083076e-25
0.29,1.27341462205879837610165982001387496185680322923954329414749,1.27341462205879837610166290513381118620000837151053116299897,3.08511993622434320514227098786885147444810837784484732933935e-24,0.785290181750265949549074562696378062491937110812182423187073,-0.581412111023793866714189463583889803445549216846575853231226,0.860930266800779146613197354926795592374590378458927558180922,0.968116406208858937556500280599530685537607315120239442162014,0.968116406208858937556499949978273608428451110781008055283988,1.03293363647869280930116573002144603586428850767103308389351,1.0,4.84542879087796674119285091365112791385140225397352856954979e-24,3.41509817369815111451964385085203926837742471651598647618368e-25
0.3,1.28284271247461900976033774484193961571393437507538961463534,1.28284271247461900976034078478111505339719214706289770428615,3.03993917543768325777198750808965081320903778365180885861513e-24,0.779518790788457598086588484171671734221717841649666555893913,-0.572897485320528239371314094955721906630526532610737692170208,0.842087535451479525533901755322661020289460852301326522183137,0.966003307689422352549044706302323874833897609444547773084123,0.966003307689422352549044380642964988487385513493493258307934,1.03519314275630601767526705520041055649875198483977349595781,1.0,4.73937942021528742819318449610956877127935433637126540386096e-24,3.3712033519356079959536190012013237468690109083015446025806e-25
0.31,1.29227080289043964341901566967000426957106552091123593512318,1.29227080289043964341901866541369036617116134966400003448352,2.99574368609660009582875276409936033887030533105981047965286e-24,0.773831613128832151961907327000440617983812268685362079480991,-0.564568540810521287185227671391034677144266775946201038985853,0.823790684860159303930528783238686851131051211290779383019314,0.963834507412690257750230381165158580575836658854726082394604,0.963834507412690257750230061006414680555523888697141488655328,1.03752251274380298442053316213019416136391965027160553647291,1.0,4.63640233826529166355446906953721584417182237141328370827606e-24,3.32171904448048780957483851058511943972190564572544503847485e-25
0.32,1.30169889330626027707769359449806892342819666674708225561103,1.30169889330626027707769654700309581485862209393333670488142,2.9525050268914304254271862544492703967734795337437753061397e-24,0.76822681892280186611343029068649749891411145004252102472995,-0.556419917532982683638439290377892424386233893636293826777496,0.806020089383322801847885247063034332113578824043403893795586,0.961611387074725143815421903786338087719908799571539311017732,0.961611387074725143815421589629794597483737016053203923791047,1.03992112972170091827838336661991677664712276231811036890578,1.0,4.53638708932477035143800824338793336423613557444523766944034e-24,3.26698027615831066157820656363544551742767949543725269547548e-25
0.33,1.31112698372208091073637151932613357728532781258292857609887,1.3111269837220809107363744295219089827482928700409261452343,2.91019577540546296505745799756913542713075268994879327115384e-24,0.762702630954294828679835823912510663890008839552743340899159,-0.54844644754451992881859252715195497156474561530554448352728,0.788756964028957141343488924810254184717838617632580320842567,0.959335343143944604069782636505529393401839018798054724944088,0.95933534314394460406978232881712812623853273381235889068151,1.04238836518082271830476955234454445780334295869882331754414,1.0,4.43922794898764139746450928478735014272386570626991231325432e-24,3.20730809581979340134377633037183802941844757857490648537826e-25
0.34,1.32055507413790154439504944415419823114245895841877489658671,1.32055507413790154439505231294368285638545173770137041475257,2.86878948462524299277928259551816585585658984476413439045449e-24,0.757257322760908225238328259418750557967178289341344767067074,-0.540643146723205561164256386315985178282008063946212541063861,0.771983322744458972947550841819925788933425712725652560759096,0.957007784724196404231605633277319694133269980166024010374593,0.957007784724196404231605332488794564483946762292483945608212,1.04492357947557728647165166209589288507086305103437333969933,1.0,4.34482368938391439527974439265798576854558049974059582275917e-24,3.14301022343652800414717047338340011891647678025835228780847e-25
0.35,1.32998316455372217805372736898226288499959010425462121707456,1.32998316455372217805373019724290448623353510834733696690634,2.82826064160123394500409271574983177798178984903180371754552e-24,0.751889216834975111909781454798555096250904005672103784549609,-0.533005206977893973331088970170674436448200596024622482870634,0.755681939053265497412497477885927417377810945441462574170257,0.954630131452973937921167398773506859723781337248065991429746,0.95463013145297393792116710528377066837591697008464826616808,1.04752612247632687305844855385462303590383400787471320486427,1.0,4.25307735763747204254546095740385004377460075922752353223581e-24,3.07438165339122726628290387650807592950151373111833254335205e-25
0.36,1.3394112549695428117124052938103275388567212500904675375624,1.33941125496954281171240808239495567703147255249886335667817,2.78858462813817475130240839581911577070685062696026369768069e-24,0.74659668290060712961979432474452212324406633494029332062477,-0.525527988840048375803708952770781161041580023438126215866806,0.739836308892449867472612512283039748786405824276817378817368,0.952203811439624305014098788429743363622822317061270242732677,0.952203811439624305014098502606228468046738302341780676152625,1.05019533421958611134425007734564284219255192256382037633574,1.0,4.16389606671116860901590411416097259261424899236007619270046e-24,3.00170521753576374840915285765091138221758970216262477679512e-25
0.37,1.34883934538536344537108321863839219271385239592631385805025,1.34883934538536344537108596837607559474925504055816025550442,2.7497376834020354026446318463974541722273909161623490762955e-24,0.741378136262995773664133824855208883232697448592721483980056,-0.518207014416763904553997435351979270695789055551576898053436,0.724430615513795130642994164091755909561329916687645596464102,0.949730259248055090561662533748035008700504333711093515950129,0.949730259248055090561662255927990404026194174803971414392555,1.05293054555484602935795470972188354923699137503770355366439,1.0,4.07719079786545706967684769667073746230271566423189184552267e-24,2.92525211131671379568070521930145470266986652973910041646413e-25
0.38,1.35826743580118407902976114346645684657098354176216017853809,1.35826743580118407902976385516332518408486254556005688869077,2.71169686833751387900379789671015268075439261249353528663307e-24,0.736232036226461259526328771096118811729936323471187308900645,-0.511037960684999724006989718191904870275635924253708071042568,0.709449696320337485786278395197952311462755803331567021046875,0.947210913928092564812648262189629889648189940436815202455147,0.947210913928092564812647992681376965723952473942772151294048,1.05573107878686764595613561139386349110924828882159246829062,1.0,3.99287621401009213314906900345753923897866499589789764217373e-24,2.8452823860133851175482881202976994933920488739383032350093e-25
0.39,1.36769552621700471268843906829452150042811468759800649902594,1.36769552621700471268844174273455329700265459137887101125261,2.67444003179657453990378086451222667494784635463795576851183e-24,0.731156884577931645827428669623326502048177094765784539191173,-0.504016653108268684197625352585619520891018442105687450602807,0.694879011519132638818535855812772273357736315868504030429452,0.944647217099286078933780151772270350640304283622159338502854,0.944647217099286078933779890856419354627400824778224404041083,1.05859624831234338917346023418717537033898267019521004884812,1.0,3.91087048327777578342546647939423701847398039299209100801242e-24,2.76204540989601663750290632310157045881309054722500734602123e-25
0.4,1.37712361663282534634711699312258615428524583343385281951378,1.37712361663282534634711963106836443892295108806181573287846,2.63794577828463770525462796291336467492156643847271695385305e-24,0.726151224132716565139370685586103888369161409267036509283149,-0.497139059558184491699241036653921177909401287283774208521093,0.680704614479106677264194574860062137768476730439093018627944,0.94204061109059339388137900676162367666326330872920577572584,0.942040611090593393881378754692252697130707286164098053734404,1.06152536124988014432131150270750862675103030836658336004038,1.0,3.83109511219424278557007335556220345701368611226130272567523e-24,2.67578030089078350942453954648167554294331558279481032377978e-25
0.41,1.38655170704864598000579491795065080814237697926969914000163,1.38655170704864598000579752014408804486814612635858846325078,2.60219343723672576914708888932324914952534088817575503421279e-24,0.721213637339610484369819280708285206803611676944204102807171,-0.49040128452433973186123149404895719598393191719936842523449,0.666913123690358249019972053049064621436075441671524507071512,0.939392537139021921062315412224825995299792586223643811040182,0.939392537139021921062315169230624091287953254303604730556123,1.06451771806231488278270697701633327049001931054141854812014,1.0,3.75347478786152479116424041989177312998084720424014812395043e-24,2.58671633313232093459124094859784906037483530652375023896336e-25
0.42,1.39597979746446661366447284277871546199950812510554546048947,1.39597979746446661366447540994174920318295652701087174739944,2.5671630337411834484019053262869099668288738073287187345152e-24,0.716342744942520619468129271624984705246899908467599396867037,-0.48379956359698921173100960762054950116935494330583108803637,0.653491696228230406101786875932716432531046275242664524523183,0.936704433649943600556094094798107710173979460689960930014707,0.93670443364994360055609386108348363575760565119874958138923,1.06757261317043218470700999272776911583757751405372036002489,1.0,3.67793722861025606014604433032636125769772709486289319948117e-24,2.49507331959269888616763632480925754553779908681481324912943e-25
0.43,1.40540788788028724732315076760678011585663927094139178097731,1.4054078878802872473231533004420407494035029090026760521183,2.53283526063354686363806128427114098740623614181864072101115e-24,0.711537204695965159835607683948377838676527004045405127907205,-0.477330258207947291929200900030879014510789860972488009217132,0.640428002631912538616086286234318834799498079035300085100076,0.933977734521448470078811580159227137364870149426629323990312,0.933977734521448470078811355905384957489787506362971273788998,1.07068933555721220656422241756232851619559074861842466482242,1.0,3.60441304261314060192016327177838014659753524867588537934837e-24,2.40106197279722380849724958986781250629077050948534692396223e-25
0.44,1.41483597829610788098182869243484476971377041677723810146516,1.41483597829610788098183119162629665747780005332026555336218,2.49919145188776402963654302745189701838747515962223184761962e-24,0.70679571013192896059205726818334733111250077110751567956427,-0.470989850615980031436819892670526009395965604566445924995467,0.627710203113305846956522097457922286164115521955683619073365,0.93121386753475579769890202643028049424237900097222117026516,0.93121386753475579769890181179626324971889114473614134686357,1.07386716936179742824348436611414396147192639936763983235772,1.0,3.532835593985317496415051119257561815650691061596174346988e-24,2.30488424547127654110818390662904777727558291435389313887717e-25
0.45,1.424264068711928514640506617262909423570901562613084421953,1.42426406871192851464050908347646665986278744501625080126389,2.46621355723629188588240316637931089032258779586978157458736e-24,0.702116989375696933365235224723696622319207878365365517895919,-0.464774939123787584360490849835372371361455449356338811916937,0.615326925017426791199545066371230614232568652834466555022001,0.928414252812363707046478463419759161153147281558960232944395,0.928414252812363707046478258543461618403472979781572419124095,1.07710539446242652991365723699429795463119010294324580801543,1.0,3.46314087592854658183664880307751067972113566290558107074362e-24,2.20673365280784855116439281143277472037912050494590885307402e-25
0.46,1.43369215912774914829918454209097407742803270844893074244085,1.43369215912774914829918697597509203206227300111550236156366,2.43388411795463424029266657161912280901381222171662956329192e-24,0.69749980400841056291155775056882346536791055904360550541896,-0.458682233514433510753921004451408504837496276531326312397911,0.603267241460765782828875075911209530089481929795208185084611,0.925580301345290086030850615367400217247848273714759458113786,0.925580301345290086030850420366551630520581729006940517103592,1.08040328704764369879054428460321469525029444284918829620526,1.0,3.39526739050508119797863930110948524784425195361132970080497e-24,2.10679557790180005041394027077103931256483903328541175115515e-25
0.47,1.44312024954356978195786246691903873128516385428477706292869,1.44312024954356978195786486910528248094638600170190215371491,2.40218624374966122214741712509078621300414521481682743343938e-24,0.692942947974210812186046016254367927916093812518595375214333,-0.452708550695789318821348725970766438282776807061001566352774,0.591520651078794054847860078191335750826130874890680686484375,0.922713413590440634674264542416741533085490184544330368030268,0.922713413590440634674264357389859252217164050907972762958848,1.08376012017515127073277569353294216132800412780366403669301,1.0,3.32915603465397277814390937036503480580765420845114579318689e-24,2.00524756176347424386006660965117047203675653304765579717454e-25
0.48,1.45254833995939041561654039174710338514229500012062338341654,1.45254833995939041561654276285069407972505660551597819131021,2.37110359069458276160539535480789367099601262262004505895138e-24,0.688445246529941630260889287512193056321985980450722433993769,-0.446850810542228170747608967838634334099770830760833543092669,0.58007705881824857219580085409428559078372205259814233990494,0.919814978138835395506783059519001918580845584771953009485244,0.91981497813883539550678288454631659290664381020776789468054,1.087175164317732610434612570007438241342265466808403941866,1.0,3.26474999208752368510183728513765377946428311023456051543402e-24,1.9022595792005477178811140157070711404724387582060458777225e-25
0.49,1.46197643037521104927521831657516803899942614595646970390438,1.46197643037521104927522065719550819575293276400954775247553,2.34062034015675350661805307804857114832454525976843752887548e-24,0.6840055552354927896546264090065515983052181040867264994993,-0.441106031923424514340299328609484276701820630702154482525836,0.568926757713949069049904430592478281873735724794605960376502,0.916886370455134068962022649555538236780406987264716117513759,0.916886370455134068962022484699891294428996076445527061916215,1.09064768789573028553581196421560085191425990331510240147522,1.0,3.20199463072881636543669894812238309542681020465484255771351e-24,1.79799430174230384358934947684218280721451922502248270688247e-25
0.5,1.47140452079103168293389624140323269285655729179231602439223,1.4714045207910316829338985521244113604369606807651987184547,2.31072117866758040338897288269406246929676933905377286195186e-24,0.679622758982959264799275727406840798664835818533312859030505,-0.435471328910699453487987526088832071197868069645125967298571,0.558060411593736711568652457416354950535100298975261855831816,0.913928951688623724789953035798974814113530764265881425440812,0.913928951688623724789952881106688834672978143152879884322365,1.09417695779562167272173410263629143417344570800424358488119,1.0,3.14083740537283309975432903199763643375927877910060676085971e-24,1.69260734867434563757479146286539296403220974895424280666678e-25
0.51,1.48083261120685231659257416623129734671368843762816234488007,1.48083261120685231659257644762257603341532736722133313158516,2.28139127868670163892959317078670508811265709771159660674622e-24,0.675295771062887205264601240700389385737199125393212428995486,-0.429943907151897719078935832204262283738970695577230995508893,0.547469038658692407917872672128968178091139569520133659685887,0.910944067555570892593865232903215899809670259820139804631367,0.910944067555570892593865088404938446282125206607673573694429,1.09776223987428994642895010845988068165662188441616948268318,1.0,3.08122776527376474467912512219271536662267126584293953087763e-24,1.58624752715361007559708057732427489640796713767626588242411e-25
0.52,1.49026070162267295025125209105936200057081958346400866536792,1.49026070162267295025125434367564221589121340937197630873446,2.25261628021532039382590796764336654233481177538000455137026e-24,0.67102353226596411299712258852273055445449294436940882067857,-0.42452106040629371528698505369560831643515876525875985156148,0.537143995889114554408274211177500685798535774640206435566775,0.907933047292594005937546064371550032187814410570029367447183,0.907933047292594005937545930083071464370632924062537406077976,1.10140279944864276182524939263765616960309467130309141925398,1.0,3.02311706637980220413406981272387399016362908138860297915254e-24,1.47905706228292908915506643802392886127739008167369448113091e-25
0.53,1.49968879203849358390993001588742665442795072929985498585576,1.49968879203849358390993224026969987054942663254953777350068,2.22438227321612147590324968278764491770114612551976604841511e-24,0.666805010018593434547243590461763089263329736871923730234386,-0.419200167231503667789582707514149731401249251025544757286782,0.527076964229829514726414991385113620993132269017265389411973,0.904897202680482189984292872872441270331447855520437838507239,0.904897202680482189984292748795487025432727249664572977758998,1.10509790177028369202130695676917318027168026837093942232586,1.0,2.96645848795411503821194365589440132873046635893085607190008e-24,1.371171817940850705096361255406544060674484063158854342095e-25
0.54,1.5091168824543142175686079407154913082850818751357013063436,1.50911688245431421756861013739127210787013746414936039771524,2.19667578079958505558901365909137163699392737233398306431276e-24,0.662639197550871736543455321299841283795605775712291938807562,-0.413978687814830586914246785345389638901852418503702638040072,0.517259934511290383191904019882288385342045239240062006139742,0.901837827137672684754253956255315172039942080205167291328014,0.901837827137672684754253842378312968667712956099675876142281,1.1088468124849924734239322179884869736226743210874455949256,1.0,2.91120695333694332232144056839770327597055304183754227010877e-24,1.26272150908555760878314002971800022232610879097030059946327e-25
0.55,1.51854497287013485122728586554355596214221302097154762683145,1.51854497287013485122728803502729910089240339859558037450311,2.16948374313875019037762403274767165900380840336764257416581e-24,0.658525113095560233883651081284056942290665687800554653582329,-0.408854160941890613166260030922532929882188996355957225180673,0.507685194065606223466900282569409744292413374156172846421872,0.89875619488240191379928680954717885604089806681403414767736,0.898756194882401913799286705846001253957218013592988314641799,1.11264879807681923045588321378424537896906139997079660968669,1.0,2.85731905461884963539662422548530235088087132898172308924423e-24,1.15382990618109173567393913490133438096366614473106867396382e-25
0.56,1.52797306328595548488596379037162061599934416680739394731929,1.52797306328595548488596593316512269258094565124710546457191,2.14279350207658160148443971151725261144027597180319217767401e-24,0.654461799116711954034126649592950341827101708089508144398349,-0.403824201095765218243829507801926846709423753319683145140606,0.498345313999149395122098529849862403316650170929181755393526,0.895653560162364346520862113078764407687637789900113757193352,0.895653560162364346520862019517447137199407456146727373011745,1.11650312629664498794639487271840758694305045256534810490559,1.0,2.80475298100927889479358555358383542758570094309169920701838e-24,1.04461503232932392547796486731604139012312376900683449372922e-25
0.57,1.53740115370177611854464171519968526985647531264324026780714,1.53740115370177611854464383179247166192198536057719019653916,2.11659278639206551004793394992873201721393375845511671328908e-24,0.650448321566681498109333473513051992845401994616675830908837,-0.398886495680295436516216715602563989006263268199623948186042,0.489233137085726035447679705363313239750439796915190131178847,0.892531156550548752765468863870623791019411886196823306278247,0.892531156550548752765468780402060251941931034131603314319078,1.12040906657510585076982153475568324703946996243010367750145,1.0,2.75346845069772925962549902349985126965149802651080201113167e-24,9.35189353631827140697713378310660830133980626836196677212846e-26
0.58,1.54682924411759675220331964002774992371360645847908658829498,1.54682924411759675220332173089744761672644390617557594348173,2.09086969769301283744769648935518674976192104287870604891116e-24,0.646483769170306433897115217354169291800715778348716300970164,-0.394038802361483417804478245152328178197877580693929220166213,0.48034176624647646270331822000483734041077688250407618275444,0.889390196305772998373404499773586866641362000599021459010707,0.889390196305772998373404426340199186819582919497631073688473,1.12436589041982116746601569253790088972613623123170353064395,1.0,2.7034266460171162121524114167030827502905938000029895836406e-24,8.25659963251667402246332596416907557602501378301847957569723e-26
0.59,1.55625733453341738586199756485581457757073760431493290878283,1.55625733453341738586199963046851148285942424309696297141164,2.06561269690528868663878203006262881235627443225410888596357e-24,0.642567252735108045958620682504042040314636811343948901200163,-0.389278946521294622692872740089584167231357631179655348362036,0.471664553584709463717412383396518904050187780222089253974863,0.886231869796305874400360541412699151761803387459912071126105,0.886231869796305874400360477947086188613905485217226537425027,1.12837287179690674571545818500524331829929061080938263327227,1.0,2.65459015173037753793906578772824363123114032227566045888928e-24,7.1612875959578185844867444946140036565125414613919759912582e-26
0.6,1.56568542494923801952067548968387923142786875015077922927067,1.56568542494923801952067753049447056125100619920437461513293,2.04081059132982313744905359538586226186222317480603920876632e-24,0.638697904486414677175476804794071025654212407310128198983427,-0.384604818818462318942082497879311447606470556971580493895896,0.463195089945777501816930367975587643317610965783159082711938,0.883057344984847202178204423165900648622496986896665384574534,0.883057344984847202178204369591463313570306258079924056641312,1.13242928749679271626569044360636342134149567302250485492773,1.0,2.6069228962720776710748051655414631260160197084816095141411e-24,6.06692618993747227009085485910850747144851323589125899405643e-26
0.61,1.57511351536505865317935341451194388528499989598662554975852,1.57511351536505865317935543096446612558186792784018075556251,2.0164525222402968680318535552058039966280581605048785172286e-24,0.634874877426363415026201491179675931940248983504664588469949,-0.380014372851185974590648818663559209021015375285609557327795,0.454927194973878406230862147791783746926981000438978956071901,0.879867766973035149836326329179684869714985550923529210603169,0.87986776697303514983632628541122915421747452564447344270719,1.13653441748440192635596916395188319804021108909450793489531,1.0,2.56039009578677964431155421057503341247195942288675434394178e-24,4.97443563208048058202795268868382254294132734908292197838571e-26
0.62,1.58454160578087928683803133934000853914213104182247187024636,1.58454160578087928683803333186796153498445934102333758733149,1.99252795299584232829920086571708512983009088686461639759144e-24,0.631097344715785582375390830914766398884323347456434685240767,-0.375505622916887880712639375354533556310306906666342727128443,0.44685490763933192085259570850920369253897260166315938192879,0.876664257603561809105968859310392470241653735034161470308876,0.8766642576035618091059688252547105530233787081562248093865,1.14068754523377877555472618786417481773763321930204326758333,1.0,2.51495820081531143533354898172150307804102310819908917979785e-24,3.88468922074141029888327209328630640732965823925010019566838e-26
0.63,1.59396969619669992049670926416807319299926218765831819073421,1.59396969619669992049671123319473083746232169173733046356057,1.96902665764446305950407901227282636143774621828334061941246e-24,0.627364499078028553002611997910743023530406667227707762423138,-0.371076641864448990273278766712936997745195269646777213738397,0.438972477211434762418016748108352560917347367337171381380304,0.873447915117904036651763608954871600519096158234953828694336,0.873447915117904036651763584511301418095931592971303816797614,1.14488795804729019043136590497105702376873839659470040618236,1.0,2.47059484548880677673869825308450952338113886320002285304971e-24,2.79851491535400854597719068789042129209037582519375968532231e-26
0.64,1.60339778661252055415538718899613784685639333349416451122205,1.6033977866125205541553891349348478410121743487661525539579,1.94593870999415578101527198804273585377550818477405485504943e-24,0.623675552223810982073230558612202685269461042089277683318944,-0.366725559034586566323078427315338329008888386275309944005834,0.43127435465345310925269352699690824726601354046230321590337,0.870219813867615740230977942943165361500199440149310889024748,0.870219813867615740230977928004129027898242205303130292617596,1.14913494735954998535681256326721721765358978141270547257946,1.0,2.42726879909859095447359360606444200533296317956997108405666e-24,1.7166968730816089741152706859498952212971276261554642116673e-26
0.65,1.61282587702834118781406511382420250071352447933001083170989,1.61282587702834118781406703707867563064069409084360815515889,1.92325447312992716961151359732344899987500256774869089202491e-24,0.62002973429625076684580282881720052470284994238167630621475,-0.362450558284263757582522103693793107734206007906818078586954,0.423755184417673685376576377173270586062051208207595199462438,0.866981004077079529766335461948859137480368223865594138390614,0.866981004077079529766335456400380603803906817449240222708541,1.15342780902624520117033895058730944416626754088585540885235,1.0,2.38494991991764900583591930503912173650356644414069365685962e-24,6.39976943852759453018151964809654577211369188417705011763636e-27
0.66,1.62225396744416182147274303865226715457065562516585715219774,1.62225396744416182147274493961685651060525686935758100876623,1.90096458935603460124419172385656848879034410090712584520819e-24,0.616426293335245069398264915185169623286509285135508623622109,-0.358249876091235559900719175450626450362619774515877324779565,0.416409796619710270755190065284631283288195959699700626039645,0.863732511655579272941705370845897294581192861025767491656298,0.863732511655579272941705374568099644529210379775937050948497,1.15776584359806818712794554537506549895827882057764720851753,1.0,2.34360911115659334421399381080531233120684281394389024181053e-24,4.30943874373027832033134795755047320499817383565911401927088e-27
0.67,1.63168205785998245513142096348033180842778677100170347268558,1.63168205785998245513142284254030235227973059421232733282947,1.87905997054385194382321062386014388284766709299449967557723e-24,0.612864494760419668654268861848215116939374235350899026361682,-0.354121799735037613673340103486585258659230766579579774399674,0.409233199572457525016984429996754114272617801915118971629324,0.860475338056529890803798108687072216879363447882339565255728,0.860475338056529890803798121554655000185886113396642637011133,1.16214835657998123858457432436950579959407668840742842093896,1.0,2.3032182789437737730891663621586568002548185680835859836236e-24,1.49540401847765361600558464701664341968973660652727959275172e-26
0.68,1.64111014827580308879009888830839646228491791683754979317343,1.64111014827580308879010074584018532905682896353813023374634,1.85753178886677191104670058044057291152168832537426519580958e-24,0.609343620871900883053333115235656264199069842626511484198959,-0.350064665550914708193076535401211940699677864779505560393835,0.402220572661203984034855237103217256789149168583595432985759,0.857210460181685985411968499274771656111423765113631918004226,0.857210460181685985411968521157468667971651188710164636348274,1.1665746586760615748690338489599301832842328073574711779305,1.0,2.26375029222547620200817839030231092675414103728251112342063e-24,2.55277997975225173547044727157235116677923973496921821223948e-26
0.69,1.65053823869162372244877681313646111614204906267339611366127,1.65053823869162372244877864950792902065140736258568143599282,1.83637146790450935829991228532233154534240994124968888430783e-24,0.60586297036819742987382626986789284341133685651374232259119,-0.346076857253365439012768263091074454564569617457713440207334,0.395367259542466093500399530061508514198780501241374865386862,0.853938830328145887412889437373003384692326462534420424697469,0.853938830328145887412889468136021305340302399778979506527199,1.17104406602019339693945683708010674295638679545411002118012,1.0,2.22517894448806594197688752638566655837823600449439486462932e-24,3.60248495888476809281482979730329542784213559405939280415628e-26
0.7,1.65996632910744435610745473796452576999918020850924243414912,1.65996632910744435610745655353519987006798765487662158967077,1.81557067410006880744636737915552165390567155833228696997884e-24,0.602421857880511967526162536364601196394559140481251806500617,-0.342156804326148869393130796455806048201248675682676909407419,0.388668761650089922443395364024059512318953874665948610036637,0.850661376175971725314905896554597816395995814983370316111705,0.850661376175971725314905936059036130953040263959502774611639,1.1755559003928907664472888320351195872398566987441036105837,1.0,2.18747891720947392248853535900543057401509995935738583708475e-24,4.64396755523845185360321016889470321396282491103470812007397e-26
0.71,1.66939441952326498976613266279259042385631135434508875463696,1.66939441952326498976613445791389897734408224935575751400027,1.79512130855348777089501066875936330700632440315682019299262e-24,0.599019613522832801599453300671751165481343872908167489064557,-0.338302980475758911789405616242023787176581754486096255401993,0.382120731993091147877261963977205122044124216467357974588963,0.847379000814258434533295707936777864279768889181508582591502,0.847379000814258434533295756040030488652599519293917880918446,1.18010948942455016534901017797573335936485582739587892757766,1.0,2.1506257449526242745673149224563945837559990267476578117958e-24,5.67671048942087739558881963747827599231699452371405616900346e-26
0.72,1.67882250993908562342481058762065507771344250018093507512481,1.67882250993908562342481236263615421498166747427680354757544,1.77501549913726822497409586847245063745946924214275981715371e-24,0.595655582457185416497012690261875893507914109958434239296314,-0.334513902145523057773767534864971393760314313060598005462937,0.375718969230571095624088802912298004349415788482792380956932,0.8440925828035045376219755395967715474129981124696492747679,0.844092582803504537621975596152910591265361980080924731842907,1.18470416678544490069720018381510247746995610361139948001047,1.0,2.11459578201828240539755146920205288293737788810563062813134e-24,6.7002293582548883178022616592576227953540234599864989568794e-26
0.73,1.68825060035490625708348851244871973157057364601678139561265,1.68825060035490625708349026769431265073534196181187082073243,1.75524559291916476831579508942511978193913890048355656651998e-24,0.592329124473451208885450500215107867098617975755829257542427,-0.330788127087624593191197358588157884797562317549814307722361,0.369459412009860843865229156452420119224814891888863289556773,0.840802976272164346661853317252805064553898641485842289556772,0.840802976272164346661853382112947167105102783211780116014445,1.18933927236278508840351509284353246748135354397284280598521,1.0,2.0793661705793852357731893478051127530406265207754745044938e-24,7.71407142135950908631823015994540988197417601170383441497426e-26
0.74,1.6976786907707268907421664372767843854277047918526277161005,1.69767869077072689074216817308093326414001400563209201732628,1.7358041488787123092137794643012257880937361336308509899956e-24,0.589039613583187128359997547954400000188035265246649373051923,-0.327124252990482051659974610772148519737410614752559796618614,0.363338133554810155535967782665512719341084281633080118762472,0.837511011045294291865106797231590714211313875933167613521697,0.837511011045294291865106870244246392747585720803643246078199,1.19401415242517686073620580051049704198720348190256659469706,1.0,2.04491481022321943907513166754847756348214565311024339269916e-24,8.717814418631876296350805859256613545767020753860619338629e-26
0.75,1.70710678118654752440084436210484903928483593768847403658834,1.7071067811865475244008460787887799438359297199092343243844,1.71668393090455109378222076028779605734572910121371341331599e-24,0.585786437626904951198310981253903994123765431278366799917983,-0.323520916159046861873420912833615599563273326849214700650832,0.357351336491856563157967734000166603127015444941113593177972,0.834217492803244715686121598114300533853880603378387722181628,0.834217492803244715686121679125706988309438928810713948414095,1.19872815977482277501407838523121197667226434158894781895748,1.0,2.01122032883185765647556241165929306452104443289676415377106e-24,9.71106541799197115355972919003330080862779580806769975953097e-26
0.76,1.71653487160236815805952228693291369314196708352432035707618,1.71653487160236815805952398481081475338685157326361137727016,1.69787790106024488448973929102019397849547834344252950021528e-24,0.582568997894292696717276707132600754712533007276604907295991,-0.319976790245700379230919188659978812903194630441712544593657,0.351495347902185313431780747306980816761494604464990072925595,0.830923203268392061618059422658911999548163281614469452425649,0.830923203268392061618059511513349819273189291631008403220121,1.20348065388781223646440867646733277514718916821018987801986,1.0,1.97826205473506381153480644667435579400538358779682963795281e-24,1.0693459692811662774349450095052042424953741210665770476318e-25
0.77,1.72596296201818879171820021176097834699909822936016667756403,1.72596296201818879171820189114019145389043982286286165418693,1.67937921310689134159350269497662290592432685707197455324585e-24,0.579386708756883310124083089237854380633864522916884149139526,-0.316490585029545177617323480408581559706883146963865325351653,0.345766614588925903376823210900044701875855283438032872073349,0.827628900417954329971972659259962088429968931620097524375622,0.82762890041795432997197275580005630927726198023084479989987,1.20827100104285616818669378509099660096014081504321365309442,1.0,1.94601999007345264857896783416590860550746467760378880529783e-24,1.16646596284994812354673145566323627783737094685315465919113e-25
0.78,1.73539105243400942537687813658904300085622937519601299805187,1.73539105243400942537687979777024927225044882980739188035597,1.66118120627139421945461137888230409640196932260843202428244e-24,0.576238997312697244388331308284336843022168796247627852242661,-0.313061045241993003010973601170614224814957378254812070027377,0.340161698548928221801050757810517671962439675879731218974646,0.824335318720984395627170199655630323470496018861520508027374,0.824335318720984395627170303722636284578912909896355816097396,1.21309857443882424733382897515490295422131311582042934200979,1.0,1.91447478531305020088174278255642299013639763822250700257946e-24,1.26243536577537245553080366371551036367195888950129905195868e-25
0.79,1.74481914284983005903555606141710765471336052103185931853972,1.74481914284983005903555770469450690452016355449411418578261,1.64327739924980680303346225486724288910405903444605617334289e-24,0.573125303042406036304650221042027071688203578651808531160556,-0.30968694943665352213998497764410184237810153505529640222151,0.334677272639223283383800798087978147966951312576698224327089,0.821043169397690740428196969132542794556043797465381952842445,0.821043169397690740428197080566617244675402880350215747949789,1.21796275430144586030639255319912551634257116121367924436523,1.0,1.88360771485556475546242398032529772627917805904148159145419e-24,1.3572255224029975065736815431946375258156284022168205787018e-25
0.8,1.75424723326565069269423398624517230857049166686770563902756,1.75424723326565069269423561190665674423738145961916966801618,1.62566148443566688979275146402898861316064345381861746726871e-24,0.570045077476583444781415747156491641989722348931086440162061,-0.306367108901624278249485875680276876065529409643146220387174,0.329310116428802472504071470779918162497822785172535692732345,0.817753140699292831014919130589282573401732429335646430753722,0.817753140699292831014919249229740476289065981136848356032249,1.22286292797953759144232206298108260346175406722843159837676,1.0,1.85340065369165476807815733967759531634062896219191598586168e-24,1.45081017727957874840189386652834369027962318895562449433582e-25
0.81,1.76367532368147132635291191107323696242762281270355195951541,1.76367532368147132635291351940055932615488836718884931609078,1.60832732236372726555448529735657537014715642550652905282682e-24,0.566997783873629255391285943311892264382268993304913865932837,-0.303100366612373411958589543541504156777650629046647327593433,0.324057112226847208438344633576320743965380444258559292827169,0.814465898206678287436867422940312336373821460184317073742668,0.814465898206678287436867548625869823701607788554377311728893,1.22779849003112062865374413693325513559310212900932888118516,1.0,1.82383605504728296049625672245543617502434551707155412527996e-24,1.54316537701660663750717343178325345817928213027946697697249e-25
0.82,1.77310341409729196001158983590130161628475395853939828000325,1.77310341409729196001159142717023797622837232617969476422935,1.59126893635994361836764029648422609718486769933694247942154e-24,0.563982896907968504169158904264891372541568596978380520518307,-0.299885596223493017595769512826569529423467099561641174930998,0.318915241279009966027821253658751464228423264668251158476606,0.811182085146190685832684316506752157265987420539518156062608,0.811182085146190685832684449075756075633638640826549088332102,1.23276884229979102345563917879540869764678039632471726651955,1.0,1.79489692897588555232257256808549309494344777909127915653061e-24,1.6342693748528254928827520875851944646955384625904547310723e-25
0.83,1.7825315045131125936702677607293662701418851043752446004911,1.78253150451311259367026933520987365915755547917551258431654,1.57448050738901567037480026798382544524018695575077263495889e-24,0.560999902368145682460327129399016420321354023668155621982882,-0.296721701097682764772123064612214479629083107632243929785968,0.313881580123789465437293820220828471297774016975110655826778,0.807902322720939897551549496928092056018177370085590506197959,0.807902322720939897551549636218736552069309059852938903627669,1.2377733939817043577587295852225366127006913729232898476695,1.0,1.76656682185157253573987555791765256309578346412504529647347e-24,1.72410253787776217069928552404993739457133387982875895830591e-25
0.84,1.79195959492893322732894568555743092399901625021109092097894,1.79195959492893322732894724351380001518739478786376858687206,1.55795636909118837853765267766589312323345121958121285448201e-24,0.558048296864449497508192660959912181158340558231457973531134,-0.29360761337040088409037255860605274500372124981870834851067,0.308953297101459285819579712717304437656103978743262051255583,0.804627210456090895809963036046878846704822883411675039965974,0.804627210456090895809963181897409431050768711100722350184992,1.24281156168353411949463875443796528266561464633490194442382,1.0,1.73882979672091868731701085311207395486733341540418438567741e-24,1.81264725687903041098928447965124546570766790476592822915389e-25
0.85,1.80138768534475386098762361038549557785614739604693724146679,1.80138768534475386098762515207649857826581545495846897513447,1.54169100300040966805891153173366768260057715232713359306911e-24,0.555127587545719022084281596777387631093978170768971230352453,-0.290542293048693041137856458718758414591946042485069069593389,0.304127649008401749813290669132650491629132875147947765442672,0.801357326556651597970024332250561682972920390345129378227368,0.801357326556651597970024484499467209638123407498324163866625,1.24788276947176004514905411157763757465060943359518418744728,1.0,1.71167041447311457110906521825308718664485273189910087605028e-24,1.89988785877659327422145933433550960920987513814157273216278e-25
0.86,1.81081577576057449464630153521356023171327854188278356195463,1.81081577576057449464630306089259416802382167489658592047322,1.52567903393631054313301380235851858789877259784978449515242e-24,0.552237291824996610075014746303155673161277183176535178547031,-0.287524727142779235267879067587889023139056320298947374809824,0.299401977890069151085946581742030363063138315516949434946521,0.798093228276345225014997949316791287159719280081388939687764,0.798093228276345225014998107802984280631210262501182794934119,1.25298644891363891867807857178524589944339319958096536600557,1.0,1.68507371579033046386898612934898388011350786782939293019317e-24,1.9858105216073148466728677342529612794810819579013915520063e-25
0.87,1.82024386617639512830497946004162488557040968771862988244247,1.82024386617639512830498096995685044839412768360535605818515,1.50991522556282371799588672617574267217617887049537904830692e-24,0.549376937113706820583803378372206524405850846171625921043604,-0.284553928829044875809421609736669500758301232829952487521337,0.294773707966143638551529252088399811467028809645658522560021,0.794835452296217546774737825791194959582881082294475911845908,0.794835452296217546774737990354180716301098374260049211456091,1.25812203911020588954749347879272598073125335921554654052772,1.0,1.65902520384211170982671269013465655170530825171804706253564e-24,2.07040319202306091719723415809129232430855596694384070062105e-25
0.88,1.82967195659221576196365738486968953942754083355447620293032,1.82967195659221576196365887926416564601674677673946999504988,1.49439447610658920594318499379211956357982017604676725316254e-24,0.546546060564053815718440855016119517309314886271321984757682,-0.281628936643144811571049869396424282731021924305370742290138,0.29024034268179661924353845190708638345737915456752538456208,0.791584515111693966748892265873911628017194314897878198101419,0.791584515111693966748892436353946513328156175901039321783622,1.2632889867216493515198061879064055173992825342959328653765,1.0,1.63351082768947875396651541702851893741463405914030269348009e-24,2.15365550526535917926129948466794311954424648930128025835378e-25
0.89,1.83910004700803639562233530969775419328467197939032252341816,1.83910004700803639562233678880956842189527964930323795061601,1.47911181422861060766991291542719785116453345485999962659687e-24,0.543744208819342309777328638629103199716364459360549172113193,-0.278748813701988510656716815643350298895849139760591952932365,0.285799461879259602333264860550836257574242692123302855606827,0.788340913426865435624503572425462330159188969083383220781097,0.788340913426865435624503748663701685399320656959577592377576,1.26848674598539686927428889804094463355560598848985760605493,1.0,1.60851696636615579219375943776186668522502734162577282506817e-24,2.23555870757924062645191826735219681980981077820223433464595e-25
0.9,1.84852813742385702928101323452581884714180312522616884390601,1.84852813742385702928101469858821389006690688373486854118797,1.46406239504292510375850869969728196613795934121530819970643e-24,0.540970937771939181139238233893470968993834952777384741055376,-0.275912646953430985875038726557206128078036269024433133520595,0.281448719084212105169319225897931952889812844416000458268479,0.785105124554845445099155871515348815852548449616194173222831,0.785105124554845445099156053353984883399137731655198539906463,1.27371477872724361007699866520899394461265138113887054506406,1.0,1.58403041360600494993449914469021551832576901210895700969171e-24,2.3161055810283888311726960752753393755954000723549623313919e-25
0.91,1.85795622783967766293969115935388350099893427106201516439385,1.85795622783967766293969260859537977733320673502203660195283,1.44924149627633427246396002143755897886748540296656090105799e-24,0.538225812328604342178670877075255722316213012758675275073227,-0.273119546452547604702206259130950603493615338754039305713863,0.277185838901769630317647419521689950141975030036401016072541,0.781877606823102645198134321094932616462805858139863679227384,0.781877606823102645198134508377322883297490802991491297787045,1.27897255436584828772504275809437510098855871773068798267099,1.0,1.56003836318730407744452207570492166129224049990020786262068e-24,2.39529037067315240299876918507197814478022487785276662443086e-25
0.92,1.8673843182554982965983690841819481548560654168978614848817,1.86738431825549829659837051882646271836872761808946120886075,1.43464451456351266220119159972397905603760758542555600337236e-24,0.535508406182930424719435473745964305988493518074473070521755,-0.270368644663421769983864957742896849572655233633667431107066,0.273008614517116783554366451756191608847569604023942776512004,0.778658799982734773952572396808686896958683135050111393631648,0.778658799982734773952572589379473249601043731050855918004386,1.28425954991091480817115221244228001034712585720774806795131,1.0,1.53652839486598116373337535371356695976094106020036487196623e-24,2.47310871407235413887100439697512297381968707960969625884852e-25
0.93,1.87681240867131893025704700901001280871319656273370780536954,1.87681240867131893025704842927697468078053352906162052993274,1.42026696187206733696632791272456320334201556305010526836214e-24,0.532818301594641305116578479148951953565632607580894710807751,-0.26765909578542275695667086348063037710715477674759052161517,0.26891490529607825587981537000205985781089507085637135430465,0.775449125620709435089126513119009887484754211428474136416037,0.775449125620709435089126710824228963100185245620141625776529,1.28957524995537066999112643370529131422016677111237071757769,1.0,1.51348846087131219532311337341405572336715869437700556789268e-24,2.54955757306918086913173191757514370430160849192003906445239e-25
0.94,1.88624049908713956391572493383807746257032770856955412585739,1.88624049908713956391572633994253951493545147934413802635574,1.40610446205236512377077458390049835587218098654283028666989e-24,0.530155089175509488793742343541038653391277953573869257591193,-0.26499007510299688346740045747850968780530141746303183286801,0.2649026344811544977218626277358730666611597521824636672693,0.772248987574155674944938788333596416266517227254156056807948,0.77224898757415567494493899102078152637869831420555558323889,1.29491914666184576471220902416152608339035654971881403142583,1.0,1.49090687293890686035720228492180350435539293379041561489481e-24,2.62463516782078036523879720952790055335383875362193150339821e-25
0.95,1.89566858950296019757440285866614211642745885440540044634523,1.89566858950296019757440425081888962360318020084037795195692,1.39215274750717572134643497750561169270689604433871889712322e-24,0.527518367681661922376614565852123807701144741683460613814897,-0.262360778358038804879543434904194418594982999922871343394071,0.260969786978770275105450736780493773606452684979152389701339,0.769058772345847181209706558971067113544113978403798011177809,0.769058772345847181209706766489342108128270295856373335666607,1.3002907397437475856611654881818644818954077147242305241514,1.0,1.46877228985705235082868998977887152777194277437414164283345e-24,2.6983409130305426962350370369995318519246176224398949918306e-25
0.96,1.90509667991878083123308078349420677028459000024124676683308,1.905096679918780831233082161901862746683424895534624861885,1.37840765597639883489529337809505192022083390490750220515378e-24,0.52490774381205292459579193679628576373277341715805416627019,-0.259770421143951186712613487956927386205200597926365106450964,0.257114407233693668707703180683905072965839955594032297122767,0.76587884952007315843098259143322942295391096673356228150433,0.76587884952007315843098280363339485379225570609481696203907,1.30568953644122103031562977314320271017705258623695859441665,1.0,1.44707370550366388402716496165813059925880142311427972171422e-24,2.77067535634141734058286215865486880552164032667799563477059e-25
0.97,1.91452477033460146489175870832227142414172114607709308732092,1.91452477033460146489176007318739885649442098697251230848489,1.36486512743235269984089541922116396953971522725991711336396e-24,0.522322832012891645827112541343469950697503472256116698219636,-0.257218238320540432898792961654660667238838978339030450050591,0.253334597186781162449251355937145076668824441562244318668664,0.762709572178146450418480599320800986768397900455644042314311,0.762709572178146450418480816055412919851920350687314711520444,1.31111505149227300832460005970548222910312402720446215770232,1.0,1.42580043735220541685675330643899279179911116586365293956311e-24,2.84164011884802610548958930136805910392789336590889782610659e-25
0.98,1.92395286075042209855043663315033607799885229191293940780876,1.92395286075042209855043798467153715929918180638343983325425,1.35152120108130032951447050042544548732063879238318289026757e-24,0.519763254287819800308376413466631794400024256277021952194249,-0.254703483448933645181338736605954879763917596873463515020258,0.249628514312391928954458064950184801984254710996184730794994,0.75955127731285021521070048598857981857511213011391616371259,0.759551277312850215210700707112021636072991754686110581701091,1.3165668070993339809231978575412350514933206685786846325719,1.0,1.40494211542599908005493967843381176645809132000854922992994e-24,2.91123783768478531857764558508601991364087801948835823288064e-25
0.99,1.93338095116624273220911455797840073185598343774878572829661,1.93338095116624273220911589635041319893509811153883067036823,1.33837201246707911467379004494207162276295975129813370893012e-24,0.517228640013643383469607290087497368115497305428100887357634,-0.252225428245737662742882703356574864346834317652065061588385,0.245994369731991873550020198156553674796102685254959973347776,0.756404286241174365905891278370331977417257012213762545587174,0.756404286241174365905891503738879500341794404894754826109458,1.32204433289152039034772275892152163269590643208222358968066,1.0,1.38448867168134059569241275709023356857230215498545416399636e-24,2.97947211064675680183452954764300160785797792665317291268485e-25
1.0,1.94280904158206336586779248280646538571311458358463204878445,1.94280904158206336586779380822025605859264670363657238424286,1.32541379067287953212005194033545840189687390857954305398933e-24,0.51471862576142970718986747916738545301355437951498927422037,-0.249783362055694977772249528577208945706090510720860129053261,0.242430426400636026325885828465889386991462035980306866713336,0.753268905014741035328065350933427102844630575795526998606706,0.753268905014741035328065580405307356049123556339240176449648,1.32754716588285372051571386787824817229671676204648504594212,1.0,1.36443032980078362420187794903546908654239928535454346314174e-24,3.0463474427995121005686116607107973086193453010622641466069e-25
