kappa,r,hidden_metric,t,V_hat,dV_hat_dr,V_over_S
0,0.0,1.0,0.0,0.0,0.0,undefined_zero_source
0,0.05,1.04714045207910316829338962414032326928565572917923160243922,0.0,0.0,0.0,undefined_zero_source
0,0.1,1.09428090415820633658677924828064653857131145835846320487845,0.0,0.0,0.0,undefined_zero_source
0,0.15,1.14142135623730950488016887242096980785696718753769480731767,0.0,0.0,0.0,undefined_zero_source
0,0.2,1.18856180831641267317355849656129307714262291671692640975689,0.0,0.0,0.0,undefined_zero_source
0,0.25,1.23570226039551584146694812070161634642827864589615801219611,0.0,0.0,0.0,undefined_zero_source
0,0.3,1.28284271247461900976033774484193961571393437507538961463534,0.0,0.0,0.0,undefined_zero_source
0,0.35,1.32998316455372217805372736898226288499959010425462121707456,0.0,0.0,0.0,undefined_zero_source
0,0.4,1.37712361663282534634711699312258615428524583343385281951378,0.0,0.0,0.0,undefined_zero_source
0,0.45,1.424264068711928514640506617262909423570901562613084421953,0.0,0.0,0.0,undefined_zero_source
0,0.5,1.47140452079103168293389624140323269285655729179231602439223,0.0,0.0,0.0,undefined_zero_source
0,0.55,1.51854497287013485122728586554355596214221302097154762683145,0.0,0.0,0.0,undefined_zero_source
0,0.6,1.56568542494923801952067548968387923142786875015077922927067,0.0,0.0,0.0,undefined_zero_source
0,0.65,1.61282587702834118781406511382420250071352447933001083170989,0.0,0.0,0.0,undefined_zero_source
0,0.7,1.65996632910744435610745473796452576999918020850924243414912,0.0,0.0,0.0,undefined_zero_source
0,0.75,1.70710678118654752440084436210484903928483593768847403658834,0.0,0.0,0.0,undefined_zero_source
0,0.8,1.75424723326565069269423398624517230857049166686770563902756,0.0,0.0,0.0,undefined_zero_source
0,0.85,1.80138768534475386098762361038549557785614739604693724146679,0.0,0.0,0.0,undefined_zero_source
0,0.9,1.84852813742385702928101323452581884714180312522616884390601,0.0,0.0,0.0,undefined_zero_source
0,0.95,1.89566858950296019757440285866614211642745885440540044634523,0.0,0.0,0.0,undefined_zero_source
0,1.0,1.94280904158206336586779248280646538571311458358463204878445,0.0,0.0,0.0,undefined_zero_source
0,1.05,1.98994949366116653416118210694678865499877031276386365122368,0.0,0.0,0.0,undefined_zero_source
0,1.1,2.0370899457402697024545717310871119242844260419430952536629,0.0,0.0,0.0,undefined_zero_source
0,1.15,2.08423039781937287074796135522743519357008177112232685610212,0.0,0.0,0.0,undefined_zero_source
0,1.2,2.13137084989847603904135097936775846285573750030155845854134,0.0,0.0,0.0,undefined_zero_source
0,1.25,2.17851130197757920733474060350808173214139322948079006098057,0.0,0.0,0.0,undefined_zero_source
0,1.3,2.22565175405668237562813022764840500142704895866002166341979,0.0,0.0,0.0,undefined_zero_source
0,1.35,2.27279220613578554392151985178872827071270468783925326585901,0.0,0.0,0.0,undefined_zero_source
0,1.4,2.31993265821488871221490947592905153999836041701848486829823,0.0,0.0,0.0,undefined_zero_source
0,1.45,2.36707311029399188050829910006937480928401614619771647073746,0.0,0.0,0.0,undefined_zero_source
0,1.5,2.41421356237309504880168872420969807856967187537694807317668,0.0,0.0,0.0,undefined_zero_source
0,1.55,2.4613540144521982170950783483500213478553276045561796756159,0.0,0.0,0.0,undefined_zero_source
0,1.6,2.50849446653130138538846797249034461714098333373541127805513,0.0,0.0,0.0,undefined_zero_source
0,1.65,2.55563491861040455368185759663066788642663906291464288049435,0.0,0.0,0.0,undefined_zero_source
0,1.7,2.60277537068950772197524722077099115571229479209387448293357,0.0,0.0,0.0,undefined_zero_source
0,1.75,2.64991582276861089026863684491131442499795052127310608537279,0.0,0.0,0.0,undefined_zero_source
0,1.8,2.69705627484771405856202646905163769428360625045233768781202,0.0,0.0,0.0,undefined_zero_source
0,1.85,2.74419672692681722685541609319196096356926197963156929025124,0.0,0.0,0.0,undefined_zero_source
0,1.9,2.79133717900592039514880571733228423285491770881080089269046,0.0,0.0,0.0,undefined_zero_source
0,1.95,2.83847763108502356344219534147260750214057343799003249512968,0.0,0.0,0.0,undefined_zero_source
0,2.0,2.88561808316412673173558496561293077142622916716926409756891,0.0,0.0,0.0,undefined_zero_source
0,2.05,2.93275853524322990002897458975325404071188489634849570000813,0.0,0.0,0.0,undefined_zero_source
0,2.1,2.97989898732233306832236421389357730999754062552772730244735,0.0,0.0,0.0,undefined_zero_source
0,2.15,3.02703943940143623661575383803390057928319635470695890488657,0.0,0.0,0.0,undefined_zero_source
0,2.2,3.0741798914805394049091434621742238485688520838861905073258,0.0,0.0,0.0,undefined_zero_source
0,2.25,3.12132034355964257320253308631454711785450781306542210976502,0.0,0.0,0.0,undefined_zero_source
0,2.3,3.16846079563874574149592271045487038714016354224465371220424,0.0,0.0,0.0,undefined_zero_source
0,2.35,3.21560124771784890978931233459519365642581927142388531464346,0.0,0.0,0.0,undefined_zero_source
0,2.4,3.26274169979695207808270195873551692571147500060311691708269,0.0,0.0,0.0,undefined_zero_source
0,2.45,3.30988215187605524637609158287584019499713072978234851952191,0.0,0.0,0.0,undefined_zero_source
0,2.5,3.35702260395515841466948120701616346428278645896158012196113,0.0,0.0,0.0,undefined_zero_source
0,2.55,3.40416305603426158296287083115648673356844218814081172440036,0.0,0.0,0.0,undefined_zero_source
0,2.6,3.45130350811336475125626045529681000285409791732004332683958,0.0,0.0,0.0,undefined_zero_source
0,2.65,3.4984439601924679195496500794371332721397536464992749292788,0.0,0.0,0.0,undefined_zero_source
0,2.7,3.54558441227157108784303970357745654142540937567850653171802,0.0,0.0,0.0,undefined_zero_source
0,2.75,3.59272486435067425613642932771777981071106510485773813415725,0.0,0.0,0.0,undefined_zero_source
0,2.8,3.63986531642977742442981895185810307999672083403696973659647,0.0,0.0,0.0,undefined_zero_source
0,2.85,3.68700576850888059272320857599842634928237656321620133903569,0.0,0.0,0.0,undefined_zero_source
0,2.9,3.73414622058798376101659820013874961856803229239543294147491,0.0,0.0,0.0,undefined_zero_source
0,2.95,3.78128667266708692930998782427907288785368802157466454391414,0.0,0.0,0.0,undefined_zero_source
0,3.0,3.82842712474619009760337744841939615713934375075389614635336,0.0,0.0,0.0,undefined_zero_source
1e-6,0.0,1.00000099999800000699997000014299927200387597868212017430931,0.000000999998000006999970000142999272003875978682120174309314031991,0.000000999999500000999997000010999954500203999031004806975332630064,-0.000000942807155970579836747998764327258251225537377065368571158087,0.999999500000999997000010999954500203999031004806975332630064
1e-6,0.05,1.04714136406761836618800831257284438136966073727112462651753,0.000000911988515197894618688432521112084005008091893024078303780459,0.000000954981313679851200751806287499303981719578337453559757536564,-0.000000859831017947576055453558703586639956088130660304273879654608,0.954981313679851200751806287499303981719578337453559757536564
1e-6,0.1,1.09428173926438317141640697553102092294419751970205149297068,0.000000835106176834829627727250374384372886061343588288092238213158,0.0000009138417883584101941419875662139627382875640880159477884247,-0.000000787345654200906848861380779959354152910647473220453762195658,0.9138417883584101941419875662139627382875640880159477884247
1e-6,0.15,1.1414221237886382431841506519602846992382170082009506653031,0.000000767551328738303981779539314891381249820663255857985427576386,0.000000876100362332787297719985574475536411817022229184912171556592,-0.000000723654332612799626909762628169251836288772055980012894259932,0.876100362332787297719985574475536411817022229184912171556592
1e-6,0.2,1.18856251619037906587340129462530222274191817641234936253969,0.000000707873966392699842798064009145599295259695422952782796047153,0.000000841352713184147301933386342364305180600637090935844931265951,-0.000000667389975815595071678012973863171288188650368384131853077069,0.841352713184147301933386342364305180600637090935844931265951
1e-6,0.25,1.23570291529079145143550575444058955673096266228817354071961,0.000000654895275609968557633738973210302684016392015528523494022296,0.000000809256215725315505587574058499521992712005971250083108871059,-0.000000617441187134455694275272593977019758733086382298050824755403,0.809256215725315505587574058499521992712005971250083108871059
1e-6,0.3,1.28284332012358854714239848586640222066430342760861364200723,0.000000607648969537382060741024462604950369052533224027371896257565,0.000000779518606169647610148293898849232418214840521664644394762555,-0.000000572896942587867598812873326461303742419038820046144723348068,0.779518606169647610148293898849232418214840521664644394762555
1e-6,0.35,1.32998372989063595431526917408570069670191076981832768000719,0.000000565336913776261541805103437811702320665563706462932628772353,0.000000751889057031926217794099130185643420129081813739595559342808,-0.000000533004753848358739676371755280267532980554327550105991659104,0.751889057031926217794099130185643420129081813739595559342808
1e-6,0.4,1.37712414392802185721416497215565453007075478106787490203345,0.000000527295196510867047979033068375785508947634022082519670051436,0.00000072615108511249797291813704041805064628451048673595207824281,-0.000000497138678853236324470647496069042580114247684819037332529735,0.72615108511249797291813704041805064628451048673595207824281
1e-6,0.45,1.42426456167985403131774157181943911248412498660223277816757,0.000000492967925516677234954556529688913223423989148356214570359398,0.000000702116867866925025802219533889974324043817950776837523972282,-0.000000464774617387076463385137495360907138572153994617109108374079,0.702116867866925025802219533889974324043817950776837523972282
1e-6,0.5,1.47140498267783622984718847360002295218974206399729469182804,0.000000461886804546913292232196790259333184772204978667435814294853,0.000000679622652313182188401961958313206759790240995751720075735052,-0.000000435471055514277148664085753280891377604798843578491673464086,0.679622652313182188401961958313206759790240995751720075735052
1e-6,0.55,1.51854540652521174855917240781585245584724869210514225447575,0.000000433655076897331886542272296493705035671133594627644296313222,0.000000658525019067143670590306729133567172352819597131728849432485,-0.000000408853927426769465094157923083055240718093909142161679353745,0.658525019067143670590306729133567172352819597131728849432485
1e-6,0.6,1.56568583288403864236978919467625744127826129524236055949958,0.000000407934800622849113704992378209850392545091581330228912813243,0.000000638697821280970539721506583678390377425564042229709567086394,-0.000000384604618403198478685046225478396500932753596117150733622892,0.638697821280970539721506583678390377425564042229709567086394
1e-6,0.65,1.61282626146502932893927643213731800798086836593299782732807,0.000000384436688141125211318313115507267343886602986995618171738046,0.000000620029660400431944467636012384513639323138564816135467959967,-0.000000362450385495316845806431337639284266542837404270970073201164,0.620029660400431944467636012384513639323138564816135467959967
1e-6,0.7,1.65996669201938052426783156856697439010783804544364797735425,0.000000362911936168160376830602448620108657836934405543205129047226,0.000000602421792027946466700417292560067190163155125846969934263403,-0.000000342156654717394242693495798960934290597729783040502677731412,0.602421792027946466700417292560067190163155125846969934263403
1e-6,0.75,1.70710712433216008057607804679650852309654912106517840010077,0.000000343145612556175233684691659483811713183376704363512431807951,0.000000585786378752425574207851822653055720537175490304738641126376,-0.000000323520786097177620925427830991072781889615471740670799348943,0.585786378752425574207851822653055720537175490304738641126376
1e-6,0.8,1.75424755821692066205359032818402785977760798006976661477258,0.000000324951269969359356341938855551207116313202060975745013639325,0.000000570045024679899957653940376996091602856500977995033335821218,-0.000000306366995400686024078499663687318499673709415917146925348588,0.570045024679899957653940376996091602856500977995033335821218
1e-6,0.85,1.80138799351128687813602843977776062370729886303302584804025,0.000000308166533017148404829392265045851151466986088606573465894719,0.000000555127540062396740075720543687919115509307741650525812594004,-0.000000290542193641564973567648694044886862543681846877359419822739,0.555127540062396740075720543687919115509307741650525812594004
1e-6,0.9,1.84852843007331988161079359993761317062545296558763236232558,0.000000292649462852329780365411794323483649840361463518419568866822,0.000000540970894950071568589488683217755841574643893627396547816466,-0.000000275912559591310696209283097386017103823541288517332193551623,0.540970894950071568589488683217755841574643893627396547816466
1e-6,0.95,1.89566886777850673991858482767780705108168842530450373853188,0.000000278275546542344181969011664934654229570899103292186644867162,0.000000527518328963010653215162465883006286765313882039775909370347,-0.000000262360701331312385353269776518216909010398220867261149769067,0.527518328963010653215162465883006286765313882039775909370347
1e-6,1.0,1.94280930651725481472194167539602436576678995894527360957725,0.000000264935191448854149192589558980053675375360641560792799914028,0.00000051471859066609230147477492908081176055696573052598184175445,-0.000000249783293931254650220684325452055435117578699027675597480257,0.51471859066609230147477492908081176055696573052598184175445
1e-6,1.05,1.98994974619279660717196566992429778243791990715204856585922,0.000000252531630073010783562977509127439149594388184914635546010885,0.000000502525285055553105354072664980999187386488778670471888755772,-0.000000238089104118291467422046291095184917329449372699356009349451,0.502525285055553105354072664980999187386488778670471888755772
1e-6,1.1,2.03709018671942998186597532428854719212550914572613837634963,0.000000240979160279411403593201435267841083103783043122686727966702,0.000000490896311644555465511216058699248483517716244099175545870899,-0.000000227197331144282298602398644903016335103114222019645015558997,0.490896311644555465511216058699248483517716244099175545870899
1e-6,1.15,2.08423062802103378913489589753300283776381188161652929636291,0.000000230201660918386934542305567644193730110494202440260790191785,0.000000479793378803817015314361858151010501343030398240350064361429,-0.000000217036207301063518605273446525851102092087805158088405530315,0.479793378803817015314361858151010501343030398240350064361429
1e-6,1.2,2.13137107002981070893521817554490296683468516004481229965947,0.000000220131334669893867196177144503978947659743253841118126169562,0.000000469181582551364311432128136739420005276272733907856155482848,-0.000000207541812662303074093937038465672947606196589339488242454027,0.469181582551364311432128136739420005276272733907856155482848
1e-6,1.25,2.17851151268521841762804291224756908945723442443491743939642,0.000000210707639210293302308739487357315841194954127378415858419754,0.000000459029040029201913885468646592413563680414303286394462165527,-0.000000198657067377875823371225529549559109777603555194477630592886,0.459029040029201913885468646592413563680414303286394462165527
1e-6,1.3,2.22565195593305751328310243172101609241556513020415039862779,0.000000201876375137654972204072611090988516171544128735207997620621,0.000000449306569558832870937611238320308240384259781481351380154224,-0.000000190330871761593569734415946887819826120031122435643049042377,0.449306569558832870937611238320308240384259781481351380154224
1e-6,1.35,2.27279239972469046453660872160601149889111944405996036241903,0.000000193588904920615088869817283228178414756220707096560018154162,0.000000439987410512931760005558632481459645854450591028783062200137,-0.00000018251736990912630266023547958776950201773691305577480895715,0.439987410512931760005558632481459645854450591028783062200137
1e-6,1.4,2.31993284401637050530723575224896745778887650641343351951792,0.000000185801481793092326276319915917790516089394948651219689645659,0.000000431046977339799882450994483682616907110291491043597722935304,-0.000000175175316973872572436746963318073265343579650197777868489079,0.431046977339799882450994483682616907110291491043597722935304
1e-6,1.45,2.3670732887686631369612510806201496878310223447033510257352,0.000000178474671256452951980550774878547006198505634554997741758506,0.00000042246264297952222098749835624878523598923597299929298116279,-0.000000168267533753970240592080887996737603276884316872180424145712,0.42246264297952222098749835624878523598923597299929298116279
1e-6,1.5,2.41421373394594591600001746859477480114992940146573201074866,0.000000171572850867198328744385076722580257526088783937571982873872,0.000000414213547654471379412588567365834315937942829224563202335289,-0.000000161760435087605545747590685907089773696488690498875994418468,0.414213547654471379412588567365834315937942829224563202335289
1e-6,1.55,2.46135417951597464979173314016398923842420895249749549870866,0.000000165063776432696654791813967890568881347941315823092754953368,0.000000406280429632333492860945071598594478676351946790304179948678,-0.000000155623620858426711441442397001619810715425271105743360805595,0.406280429632333492860945071598594478676351946790304179948678
1e-6,1.6,2.5084946254495061123861762116810428506591132784885602075537,0.000000158918204726997708239190698233518129944753148929498574068354,0.000000398645475071255944725529642151932641432771290908741403093615,-0.00000014982952028860284125525239666584268975302027957662559647621,0.398645475071255944725529642151932641432771290908741403093615
1e-6,1.65,2.55563507171996901846532400518202512164649793303398924398642,0.000000153109564464783466408551357235219858870119346363492076888484,0.000000391292184483239479317849670749986187606562457782140926494636,-0.000000144353081730089646676225636856622924202840720873833042062599,0.391292184483239479317849670749986187606562457782140926494636
1e-6,1.7,2.60277551830317632773800849903840105994189053704198551817472,0.000000147613668605762761278267409904229595744948111035241151975248,0.000000384205253708895058368958620526695910810451780513451290871347,-0.000000139171501422611504831038394070246297288317922004433593419274,0.384205253708895058368958620526695910810451780513451290871347
1e-6,1.75,2.64991596517707305115262894933425391968299508561313381942121,0.00000014240846216088399210442293949468504456434002773404841612346,0.000000377370467596526637609189618726951260712784461024108104070818,-0.000000134263985723078573121642864213562977195969838667591890471465,0.377370467596526637609189618726951260712784461024108104070818
1e-6,1.8,2.69705641232151463898990022258439411810181600658260042964731,0.000000137473800580427873753532756423818209756130262741835290483964,0.000000370774604831175080988303431140627804163971920502512543589374,-0.000000129611542167876910107718820509333499537390417897046179432352,0.370774604831175080988303431140627804163971920502512543589374
1e-6,1.85,2.74419685971807178486370986035844043201617946411972080264992,0.000000132791254558008293767166479468446917484488151512398681051002,0.000000364405352572868089771447020639753586898794856624355572005099,-0.000000125196795440315602902509653450897456138811103607237372229246,0.364405352572868089771447020639753586898794856624355572005099
1e-6,1.9,2.79133730734985810739541475242308486181282771114228371627684,0.000000128343937712246609035090800628957910002331482823586377972883,0.000000358251229744463531470092491748727606424647993378267658262542,-0.000000121003824907351263793392460414183188334989796065217886617658,0.358251229744463531470092491748727606424647993378267658262542
1e-6,1.95,2.83847775520137769569854803713540257543398695728012006283848,0.000000124116354132256352695662795073293413519290087567708792740575,0.000000352301517963540932019566172476725898717074542851499109802477,-0.000000117018020884092581896615631484412835292017158526072891528598,0.352301517963540932019566172476725898717074542851499109802477
1e-6,2.0,2.88561820325838994423585791899139905204611187191629562096657,0.000000120094263212500272953378468280619882704747031523397662813836,0.000000346546199244211223027910057264332178204740909098441320983749,-0.000000113225957198881432622293509172350881459849519367435859848684,0.346546199244211223027910057264332178204740909098441320983749
1e-6,2.05,2.93275865150778947198446410797668212302800328413399572225051,0.000000116264559571955489518223428082316118387785500022242384452957,0.000000340975899707119144417452551277510960306196937050485722331456,-0.00000010961527797999606644295066492656774072996549518029343539149,0.340975899707119144417452551277510960306196937050485722331456
1e-6,2.1,2.97989909993749923225863328443111820593586639372486451354966,0.000000112615166163936269070537540895938325768197137211102311363691,0.000000335581838632313431381573222450592571779241409247068037638154,-0.000000106174596878625565292652941354405304369461467326054851386486,0.335581838632313431381573222450592571779241409247068037638154
1e-6,2.15,3.02703954853637518284276046342337302313809164658829413502916,0.000000109134938946227006625389472443854895291881335230142581050731,0.000000330355782272549316670876114264660589598491713019477784711913,-0.000000102893407191009284581601019925616600186462358924883979404128,0.330355782272549316670876114264660589598491713019477784711913
1e-6,2.2,3.07417999729412110933098028509932041999921165626944816827272,0.000000105813581704421836822925096571430359572383257660946923470618,0.000000325290001916037821803401070135699493277562992004860701475231,-0.0000000997620015531113069558829376159003432945484323400005574322894,0.325290001916037821803401070135699493277562992004860701475231
1e-6,2.25,3.1213204462012123843579560126366051131422306052436728242427,0.000000102641569811155422926322057995287722792178250714477676652264,0.000000320377235749394462108798511706213298246159423216760826154984,-0.0000000967714000601338929933502358677524735321755025273245932496673,0.320377235749394462108798511706213298246159423216760826154984
1e-6,2.3,3.16846089524882760717137993549754343434137369170855104883881,0.0000000996100818656754572250426730472012101494638973366345660114499,0.000000315610654125011271942857501716844744760841314114329983396195,-0.000000093913285815688348168680418644799999942025755669806572581017,0.315610654125011271942857501716844744760841314114329983396195
1e-6,2.35,3.21560134442878720622546931329636656448193126619234628174922,0.0000000967109382964361569787011729080561119947684609671057530462802,0.000000310983827883492382923019921794375074579923386663561066404128,-0.0000000911799470457650411398707325525178107312875477892186642600895,0.310983827883492382923019921794375074579923386663561066404128
1e-6,2.4,3.26274179373349820587934581517647761707595572441971269052481,0.0000000939365461277966438564409606913644807238165957734421205690692,0.00000030649069942217406617662118472029371032567258734201939007819,-0.0000000885642250242772394544501069718353572254951001421443889400726,0.30649069942217406617662118472029371032567258734201939007819
1e-6,2.45,3.30988224315590445994777329883511072671185721827828707745954,0.0000000912798492135716817159592705317147264884959385579376342050061,0.000000302125556235954795741248812061375603410967326605592498396656,-0.0000000860594671528027776925368979526109051398957058515415926035299,0.302125556235954795741248812061375603410967326605592498396656
1e-6,2.5,3.35702269268944174234163801271187850755957600888696040035278,0.0000000887342833276721568056957150432767895499253802783916449983344,0.000000297883006687416339673968049957441406666602544948766526280336,-0.0000000836594846196338505419507976838649307838305730448064981492667,0.297883006687416339673968049957441406666602544948766526280336
1e-6,2.55,3.40416314232799716049552859983152314336679710809372249192246,0.0000000862937355775326577686750364097983549199529107675221087275903,0.000000293757957790139257077968996749807656154451276756250274956932,-0.0000000813585141343895684006296431438621325579386702093797767138129,0.293757957790139257077968996749807656154451276756250274956932
1e-6,2.6,3.45130359206587242250464233981543573608672437172016590501626,0.0000000839525076712483818845186257332326264544001225781766819966457,0.000000289745594812729022723380766952833874800093016240640641554003,-0.0000000791511832959405093855132802545563919115719775563136268193883,0.289745594812729022723380766952833874800093016240640641554003
1e-6,2.65,3.49844404189775054538962646544093088472182626148005503459895,0.0000000817052826258399763860037976125820726149807801053201511427195,0.000000285841362531818264529951065251407306875535167326253714410078,-0.0000000770324792046598017703265689245161354675595807420471120149141,0.285841362531818264529951065251407306875535167326253714410078
1e-6,2.7,3.54558449181866564094373800244845849804998678487257921386605,0.0000000795470945531006982988710019566245774091940726821480310673834,0.000000282040947980577010917244812624575718797794939671983373411577,-0.0000000749977199762466425401702350554008865878214092075744695923523,0.282040947980577010917244812624575718797794939671983373411577
1e-6,2.75,3.59272494182397545826146095721222822275377846167351044725278,0.0000000774733012021250316294944484120427133568157723130955293127493,0.000000278340264555372181774341678525467842968836931271481315530746,-0.0000000730425288545740186952965176845821359310374165379876699105033,0.278340264555372181774341678525467842968836931271481315530746
1e-6,2.8,3.63986539190933639920591734919341458148785068960034389661826,0.0000000754795589747760983973353115014911298555633741600217862535181,0.000000274735437357449184415596477896356964462230925505179321734328,-0.0000000711628106560454826707880618307391981195597207722916757453644,0.274735437357449184415596477896356964462230925505179321734328
1e-6,2.85,3.68700584207068075551064923284499407932864460801341813651755,0.0000000735618001627874406568465677300462680447972167974818620733994,0.000000271222789659102469913187993908988311538049160213352533553239,-0.0000000693547303085288998145719052971467550706613731890980652029523,0.271222789659102469913187993908988311538049160213352533553239
1e-6,2.9,3.73414629230419594458085076207470091986721551824835460405723,0.0000000717162121835642525619359513012991832258529216625823195122019,0.00000026779883039496500293384954768716491525190245748710330654856,-0.0000000676146932746821087706548237179614007778589812468728676478872,0.26779883039496500293384954768716491525190245748710330654856
1e-6,2.95,3.78128674260630554591430872590096998529798134901921135356876,0.0000000699392186166043209016218970974442933274445468096546277007457,0.000000264460242588957186159963041869858733334912912822946256905775,-0.000000065939327672919123459858480213427242090449442148853674227127,0.264460242588957186159963041869858733334912912822946256905775
1e-6,3.0,3.8284271929736519618761785434390726951823849309355480390663,0.0000000682274618642728010950196765380430411801816518927129450632428,0.000000261203872636248083336561775772150310447266399015523685543172,-0.000000064325467929831817860114329523086124874692477769220895349889,0.261203872636248083336561775772150310447266399015523685543172
1e-3,0.0,1.00099800697014227585480148831831516436955608739054195363351,0.000998006970142275854801488318315164369556087390541953633507056,0.000999500997010954703035782461867609948928466800449103976088687,-0.000940929995012058028423377006045352085872282543851949836467431,0.999500997010954703035782461867609948928466800449103976088687
1e-3,0.05,1.04805085844106771303962198674348259758348703667423652652072,0.000910406361964544746232362603159328297831307495004924081494506,0.000954566589059103297710048187701779482054421284463924263158504,-0.000858339349574005499549456871946003830568027740261888081804347,0.954566589059103297710048187701779482054421284463924263158504
1e-3,0.1,1.09511474036803272119935086169089733938637161109555779182084,0.000833836209826384612571613410250800815060152737094586942390969,0.000913493965845894454726684488273507069286698087193475513135233,-0.00078614831782283396394978767129812282358791319104212668886482,0.913493965845894454726684488273507069286698087193475513135233
1e-3,0.15,1.14218787873495390297338698200642894681390928219965935070686,0.000766522497644398093218109585459138956942094661964543389194999,0.000875806483956771261180881194837491001176976109769607765082181,-0.000722684341355204390281479890995600125361798209628239045467061,0.875806483956771261180881194837491001176976109769607765082181
1e-3,0.2,1.18926884169748949823312307158130560258240988639325889907175,0.000707033381076825059564575020012525439786969676332489314855045,0.000841102718255673892211573721353624823772457972720863884956077,-0.000666597464379567211303307223068754688318598671727919716850227,0.841102718255673892211573721353624823772457972720863884956077
1e-3,0.25,1.23635646348806087039930226615150304866641037683570973598202,0.000654203092545028932354145449886702238131730939551723785903952,0.000809042212745072309648403713146838990423368787854219199140689,-0.000616788590682400631037944224309925071379476788902115927181637,0.809042212745072309648403713146838990423368787854219199140689
1e-3,0.3,1.2834497873163636253991387850370383424559584597000380001386,0.000607074841744615638801040195098726742024084624648385503266045,0.000779334346453981672900307497393032932256610320801734784741556,-0.000572355649713823863051139529662543543163672639430223022295322,0.779334346453981672900307497393032932256610320801734784741556
1e-3,0.35,1.33054802204468682029273897818916952151306100299947042151198,0.000564857490964642239011609206906636513470898744849204437420513,0.000751729549332678723688633609095326973340985085276025763742966,-0.00053255274968682336669714390640668555399580363650335326930368,0.751729549332678723688633609095326973340985085276025763742966
1e-3,0.4,1.37765050897427775019833048790807192662257646640086052150294,0.000526892341452403851213494785485772337330632967007701989157347,0.00072601231014629370673725170766733773566557168839799154164603,-0.000496758863461670151823050091099321303042440669341991971816897,0.72601231014629370673725170766733773566557168839799154164603
1e-3,0.45,1.42475669613776085453657577869105855012131746232986498575766,0.000492627425832339896069161428149126550415899716780563804651222,0.000701995564546075514195870286849261970554006879738039231636451,-0.000464453591206027381797763818438838902846155265637245434002714,0.701995564546075514195870286849261970554006879738039231636451
1e-3,0.5,1.47186611822271323230817168172632834708864496028365801194076,0.000461597431681549374275440323095654232087668491341987548530783,0.000679516156045163647096067179324106722840103212115732275953847,-0.000435198232160423537715268979370970665033184960874430889454229,0.679516156045163647096067179324106722840103212115732275953847
1e-3,0.55,1.51897838076153162382046451962652820733861062841365840668581,0.000433407891396772593178654082972245196397607442110779854360294,0.000658431138283301884440293672493693695876556878122690451444608,-0.000408620878701894175129918113506260562668785549004097789693152,0.658431138283301884440293672493693695876556878122690451444608
1e-3,0.6,1.56609314758338343627006579930900352915019957110927332878142,0.000407722634145416749390309625124297722330820958494099510748257,0.000638614742322981242710116126063358663118432551443993317796631,-0.000384404585929954628809178961815437301468782265726482645803132,0.638614742322981242710116126063358663118432551443993317796631
1e-3,0.65,1.61321013078198636554890058829540720036722968057437769137689,0.00038425375364517773483547447120469965370520124436685966699299,0.00061995587364500154821922714543515768054067381518538920191219,-0.00036227791319852030764883166624135167277302059001690515233353,0.61995587364500154821922714543515768054067381518538920191219
1e-3,0.7,1.66032908263943790302960271414660003264271228729359643468051,0.00036275353199354692214797618207426264353207878435400053139322,0.000602356034061548645623627233292712191335865059669023251470675,-0.000342007309829344333671428952278615656860825537917491947272137,0.602356034061548645623627233292712191335865059669023251470675
1e-3,0.75,1.70744978908248378933069797283849355225364024537001507547376,0.00034300789593626492985361073364451296880430768154103888541637,0.000585727586778339414729510003510657364292228431626779910609401,-0.00032339094562275006606510687041352438044180069451544898712542,0.585727586778339414729510003510657364292228431626779910609401
1e-3,0.8,1.75457206434799112612282487558952055756812637700604253000056,0.00032483108234043342859088934434824899763471013833689097299752,0.000569992300322473794321672905708889185320247904806193658552063,-0.000306253681417448349459669092523107785667121632052802699333391,0.569992300322473794321672905708889185320247904806193658552063
1e-3,0.85,1.80169574660904796876012558683157687764367193904907592096922,0.000308061264294107772501976446081299787524543002138679502435006,0.000555080120444978995914541715011248469233813052002290406715731,-0.000290442945337686467331750552867935848273539417948326996501229,0.555080120444978995914541715011248469233813052002290406715731
1e-3,0.9,1.84882069436910719110861399783136855822252617651362593037749,0.000292556945250161827600763305549711080723051287457086471485539,0.000540928129443016119110325159856581793722567977639726207654586,-0.000275825333159481258035391661022076341009906375157399397567547,0.540928129443016119110325159856581793722567977639726207654586
1e-3,0.95,1.8959467834739282570432209856589431593040805224764141348053,0.000278193970968059468818126992801042876621668071013688460069138,0.000527479660381473218196536703969212825220433967954234810385327,-0.000262283791142304508533183352207518786003765095788385820189939,0.527479660381473218196536703969212825220433967954234810385327
1e-3,1.0,1.94307390462332102564188160107567994108554957560023447218084,0.000264863041257659774089118269214555372434992015602423396390411,0.00051468353998224087806629538290457194226673233531336067313679,-0.000249715270078644718801651680241862615186195067447569790254114,0.51468353998224087806629538290457194226673233531336067313679
1e-3,1.05,1.9902019612894398157190208066783840235993507337074883598505,0.000252467628273281557838699731595368600580420943624708626822993,0.000502493438903241152056873011529022089684955878025085180129352,-0.000238028762642829228954295439747953343928894819398673711393987,0.502493438903241152056873011529022089684955878025085180129352
1e-3,1.1,2.03733086796749019630358269805616795144777423104250467171596,0.000240922227220493849010966969056027163348189099409418053062872,0.000490867312055574068114800209211325756559308115782814382746495,-0.000227143654141569903820754311018450756460057035001231645387407,0.490867312055574068114800209211325756559308115782814382746495
1e-3,1.15,2.08446054869957193283660710042579030421804923936781367312608,0.000230150880199062088645745198355110647967468245486817023963427,0.00047976691473725460800433515364052784838161831152352738219115,-0.000216988330779746012881653172100644852896210181902203029547851,0.47976691473725460800433515364052784838161831152352738219115
1e-3,1.2,2.13159093582400686832549002148195658833139419609321912990751,0.000220085925530829284139042114198125475656695791660671366164694,0.000469157382871261460229154817479726182625810452261405190822199,-0.000207499000515422527908449622459416337392984036140036708005517,0.469157382871261460229154817479726182625810452261405190822199
1e-3,1.25,2.17872196891164814273332565774916773068136675077278493616346,0.00021066693406893539858505424108599853997352129199487518289832,0.000459006867657806301036429072915612251787351514193857241230872,-0.000198618690202564715752140607800213391150560112961133335747831,0.459006867657806301036429072915612251787351514193857241230872
1e-3,1.3,2.22585359385790545209509383577958213512586965060462645945288,0.000201839801223076466963608131177133698820691944604796033094485,0.000449286216588628899933984848451401656658995068986118105564212,-0.000190296389544242904953617630300601681176010498483572884742984,0.449286216588628899933984848451401656658995068986118105564212
1e-3,1.35,2.27298576210497917240203878477364665501658987266754452183655,0.000193555969193628480518932984918384303885184828291255977542117,0.000439968694104152745225342264043411728501350308439770222866374,-0.000182486317807932249940988534853407035274761519786115786610241,0.439968694104152745225342264043411728501350308439770222866374
1e-3,1.4,2.32011842997340021720201707755063363002366096773611270066068,0.000185771758511504987107601621582090025300550717627832362444558,0.00043102973626424082766166511258027204040178025194714766914562,-0.000175147293595246539404020568218009447666873961547747462948101,0.43102973626424082766166511258027204040178025194714766914562
1e-3,1.45,2.36725155808567176838351577607485338570311925175958013913075,0.000178447791679887875216676005478576419103105561863668393293718,0.000422446734698339662079526312417882222712879551248179483972987,-0.000168242191446150788877432163597506735466191514098203687323312,0.422446734698339662079526312417882222712879551248179483972987
1e-3,1.5,2.41438511086779523473926778089237745888442252268492075205028,0.000171548494700185937579056682679380314750647307972678873602124,0.000414198845838928758011136588397897871751834716721434938318368,-0.000161737471873127980565339679772119674850549579642473252943414,0.414198845838928758011136588397897871751834716721434938318368
1e-3,1.55,2.46151905611688421330720453817871774321022098496763588379029,0.000165041664685996212126189828696395354893380411456208174385518,0.000406266822053373860036750946513845482916697222217487370187899,-0.000155602773703712361739880142948999434356991312567981020475094,0.406266822053373860036750946513845482916697222217487370187899
1e-3,1.6,2.5086533646250421255739853390962009996421206661768512134154,0.000158898093740740185517366605856382501137332441439935360278523,0.000398632861797310433037153960832336412190886788247129713006679,-0.000149810559468924116210501739766335044734825206599866319893975,0.398632861797310433037153960832336412190886788247129713006679
1e-3,1.65,2.55578800985129165995640435833401676402959105214838238199923,0.000153091240887106274546761703348877602951989233739501504879928,0.00039128047633654021277482155633321034172335952060940506724838,-0.000144335806095381458926141202490528370587950468397236515903394,0.39128047633654021277482155633321034172335952060940506724838
1e-3,1.7,2.60292296763466792534521089166054944683491320890492157597312,0.000147596945160203369963670889558291122618416811047093039545956,0.000384194370939318205081852227642731895334209804465278696066355,-0.000139155734406931705292168713324686169997764299645760110209434,0.384194370939318205081852227642731895334209804465278696066355
1e-3,1.75,2.65005821594267814008017102039944808738321330013022845917177,0.000142393174067249811534175488133662385262778857122373798979131,0.00037736033873908173105528811322132580729718796240411103664304,-0.000134249571970171714494148618348715025303303823870020313035928,0.37736033873908173105528811322132580729718796240411103664304
1e-3,1.8,2.69719373465023300711588573080142762496467698875492256349077,0.000137459802518948553859261749789930681070738302584875678755345,0.000370765165719020630654610365980982953661219940355185202570891,-0.000129598344668949585718088674122636917617626565216885639978888,0.370765165719020630654610365980982953661219940355185202570891
1e-3,1.85,2.74432950534490390134537774761986299660123764433163665883024,0.000132778418086674489961654427902033031975664700067368579005672,0.000364396545482437044408818085370913149389332717823246858689313,-0.000125184693099080083706042266325008847025661321195881025264028,0.364396545482437044408818085370913149389332717823246858689313
1e-3,1.9,2.79146551115498379928616758173227781833982105384993703884021,0.000128332149063404137361864399993585484903345039136146149753152,0.000358243002653134621622461314368857722021057990197685302595927,-0.000120992710462634545574463929737382640331347433703928692009452,0.358243002653134621622461314368857722021057990197685302595927
1e-3,1.95,2.83860173659735114025690420139948290349823026962324256109475,0.000124105512327576814708859926875401357656831633210065965064875,0.000352293823903458561367327839723971952834804162502410462136915,-0.000117007799132613646757631095598864065803524085237384772039177,0.352293823903458561367327839723971952834804162502410462136915
1e-3,2.0,2.88573816744257275939678039296862705819930650840544178809051,0.000120084278446027661195427355696286773077341236177690521600564,0.000346538995738468453473181499853591981111560337741441020167149,-0.000113216543470772968811233844306373650140157048628928992446105,0.346538995738468453473181499853591981111560337741441020167149
1e-3,2.05,2.93287479059504943295782328649326644790550171323980161855618,0.000116255351819532928848696740012407193616816891305918548048727,0.000340969148276679779462866892482639087454469489575622935147081,-0.000109606596827759427095982737239913568224217734898633757105156,0.340969148276679779462866892482639087454469489575622935147081
1e-3,2.1,2.98001159398631740904035146393212835822680253602982956811356,0.000112606663984340717987250038551048229261910502102265666211359,0.000335575504363843664234153169978417902799854006319742255677621,-0.000106166580946829725200679541211226012610389015623966238184023,0.335575504363843664234153169978417902799854006319742255677621
1e-3,2.15,3.02714856647988132895454524551542183400415837419848409578863,0.000109127078445092338791407481521254720962019491525190902056615,0.000330349833438823811207624697262326784844581271583611433265015,-0.000102885996239468153679443059491208649176308120263303102500377,0.330349833438823811207624697262326784844581271583611433265015
1e-3,2.2,3.07428569778617616261803101132666341568718399414610358342843,0.000105806305636757708887549152439567118331910259913076102637552,0.000325284409641833346726839247930223318525979965494387652684982,-0.0000997551416107304042545949696417900372759014612133612302863044,0.325284409641833346726839247930223318525979965494387652684982
1e-3,2.25,3.12142297838644473908014964145098570853865754586564619532378,0.000102634826802165877616555136438590684149732800224085558763787,0.000320371973716829874717544465340909202492354045316848890102995,-0.000096765042690291080542314305096025185835409732501458951554736,0.320371973716829874717544465340909202492354045316848890102995
1e-3,2.3,3.16856039946447854455939486201042000281825529754283840861231,0.000099603825732803063472151555549615678091755298184696408068471,0.000315605698313171087493524870793386273838650957945990796403105,-0.0000939073874770509165733857315309921805992550554287206481811738,0.315605698313171087493524870793386273838650957945990796403105
1e-3,2.35,3.21569795284530713918549319064061738844391329683919137853961,0.0000967051274582293961808560454237320180940254153060638961466928,0.000310979156337911125677817572499389077498658486754311575296463,-0.0000911744685349645365562928326850410179533363255945369155959871,0.310979156337911125677817572499389077498658486754311575296463
1e-3,2.4,3.26283563094003949855316452205085054003151657084743469765769,0.0000939311430874204704625633153336143200415702443177805750046967,0.000306486292050383555192254418921884088729437800804139712947482,-0.0000885591309889585502258513338114701905716853847673581384345414,0.306486292050383555192254418921884088729437800804139712947482
1e-3,2.45,3.30997342669616188094147318729044854836486265081397532471497,0.0000912748201066345653816044146083533677319210316268051930572996,0.000302121394625825697404966146551653699274192994964560132618364,-0.0000860547256653113813351272338876471010489320944989514593119732,0.302121394625825697404966146551653699274192994964560132618364
1e-3,2.5,3.35711133355268400753164391407141762229989096690200429375698,0.0000887295975255928621627070552541580171045079404241717958449575,0.000297879073945474511504929141259782408515221987271276908180918,-0.000083655066803066427519908157433665814929544982012087549091568,0.297879073945474511504929141259782408515221987271276908180918
1e-3,2.55,3.40424934539960055258632660684288316712967250209521666812611,0.0000862893653389696234557756863964335612303139544049437257553123,0.000293754238397419622782116434504342887998407950732230307528444,-0.0000813543938339584690462672680512886035551849199783561906239877,0.293754238397419622782116434504342887998407950732230307528444
1e-3,2.6,3.45138745654119995829764028307900687987965517349632040922901,0.000083948427835207041379827782196877025557256176277082389436086,0.000289742074496055704906969000308408699778273476805161530355405,-0.0000791473367896325611848328386742450103435777873187358016430764,0.289742074496055704906969000308408699778273476805161530355405
1e-3,2.65,3.49852566166280891355849335341335017254206905177906228102823,0.0000817014703409940088432739762169004023154052797873517494303673,0.000285838028148678363140142466479298854340423753136933819156346,-0.0000770288849480379372872992488456184695863534468564358060801641,0.285838028148678363140142466479298854340423753136933819156346
1e-3,2.7,3.5456639558006097287498214413963363466290697505692295799393,0.0000795435290386409067817378188798052036603748907230482212804289,0.000282037787415994149126542604146854239691100248750858076605756,-0.0000749943583769760595114944471151608429647724512808434320666434,0.282037787415994149126542604146854239691100248750858076605756
1e-3,2.75,3.59280233431421036418738396060250469923160830550428034638832,0.0000774699635361080509546328847248885205432006465422122310726188,0.000278337266629390907157774986227053125352379830003921011271911,-0.0000730393820728754281223987676967063202903011540906169208222192,0.278337266629390907157774986227053125352379830003921011271911
1e-3,2.8,3.63994079286168392840761794769246115441165917360873998859004,0.0000754764319065039777989958343580744149383395717702519935663722,0.000274732591742017655814056184900216582856653467061970975760985,-0.0000711598624278048829705475042952180073288872656468914746253335,0.274732591742017655814056184900216582856653467061970975760985
1e-3,2.85,3.68707932737682681718640103598494933588799506736690804683384,0.0000735588679462244631924599865229866056185041507067077981444342,0.000271220086803292885066989970333930597104989794687531837294294,-0.0000693519657882414479794268810632188787362258115783685485009373,0.271220086803292885066989970333930597104989794687531837294294
1e-3,2.9,3.73421793404841296351719997110701644265356276505483311849217,0.0000717134604292025006017709682668240855304726594001770172574346,0.000267796261457602541604680998777151484084663887990553256192457,-0.0000676120988957896361426059631364680297470590458826794516220211,0.267796261457602541604680998777151484084663887990553256192457
1e-3,2.95,3.7813566093012464648700343341877237128847996501562061700351,0.0000699366341595355600465099086508250311116285815416261209648914,0.000264457799377841896515941246327294588552409719616455190232326,-0.0000659368910234271150492116226863438876392592342122949580622613,0.264457799377841896515941246327294588552409719616455190232326
1e-3,3.0,3.82849534977883661805865352870167416415769950382576055159053,0.0000682250326465204552760802822780070183557530718644052371733932,0.000261201547553252687142151950913143143617210470846077407462958,-0.0000643231776413709345643983633827405272965092381247134359036007,0.261201547553252687142151950913143143617210470846077407462958
0.1,0.0,1.08495290359179162141109631357499354497188386107897108256373,0.0849529035917916214110963135749935449718838610789710825637313,0.0957783973348059840662710630859370976732610968942597814353954,-0.0800943656149904870593110908271628564684309972353893499144545,0.957783973348059840662710630859370976732610968942597814353954
0.1,0.05,1.12601098021021328032352003018358749686907082601067252316879,0.0788705281311101120301304060432642275834150968314409207295657,0.0919193607944486139447965181409305903802618333211517398218152,-0.0743598470363630920602941756475284528724617414849422708384727,0.919193607944486139447965181409305903802618333211517398218152
0.1,0.1,1.16762921162550880609020974745545816527816342043610676033595,0.0733483074673024695034304991748116267068519620776435554575062,0.0883336135262707726014336563863139530237410142195316394482722,-0.0691534474649139428545848678558344914525911342866321373689306,0.883336135262707726014336563863139530237410142195316394482722
0.1,0.15,1.20975083939748060144905497035639337981438638177927539316658,0.0683294831601710965688860979354235719574191942415805858489101,0.0849961087430810522538903100806576085379731671190014404720875,-0.0644216545300386499082457267178020167005015822450461100778331,0.849961087430810522538903100806576085379731671190014404720875
0.1,0.2,1.25232444720741873897345843680394909102819776653338781433338,0.0637626388910060657998999402426560138855748498164614045764905,0.0818843485608378504052468867916328179311241125588160566469239,-0.0601159924615726286314981581645552421101525159373962630111916,0.818843485608378504052468867916328179311241125588160566469239
0.1,0.25,1.29530370478702438070541733858985034848552487838306264414372,0.0596014443915085392384692178882340020572462324869046319476051,0.0789781378177558692381767887422527582923481762718881368073313,-0.0561927806636648117558355568079625519063303011945615489219143,0.789781378177558692381767887422527582923481762718881368073313
0.1,0.3,1.33864703489390048734046983008335025222883730290768879005845,0.0558043224192814775801320852414106365149029278322991754231165,0.076259351941171926051497682815850961929000007764468128115701,-0.0526128197362592215237258211658091268701125445580763185369064,0.76259351941171926051497682815850961929000007764468128115701
0.1,0.35,1.38231723942356626400946205619361558078647577393185389091326,0.0523340748698440859557346872113526957868856696772326738387003,0.0737117215981103329730053295315199915643307617523177944664968,-0.0493410389701216502677662913635960186934570089435644164961258,0.737117215981103329730053295315199915643307617523177944664968
0.1,0.4,1.42628111106063961415364904424462702037271261398339562962058,0.0491574944278142678065320511220408660874667805495428101068006,0.071320635398670430077941393364487194208680089404765621508554,-0.0463461302080631902210744831066734685744417684914465544768188,0.71320635398670430077941393364487194208680089404765621508554
0.1,0.45,1.47050904886370975852369538741196389039105485442829979890195,0.0462449801517812438831887701490544668201532918152153769489412,0.0690729608723362936860237658250421492906261399293204950850191,-0.0436001854148824177889313681079839495084865290249429017915709,0.690729608723362936860237658250421492906261399293204950850191
0.1,0.5,1.51497468988266647752486565318919323166360956955167963816688,0.043570169091634794590969411785960538807052277759363613774654,0.0669568832250715871051161173362320939435332686248664406165016,-0.0410783493628526410834496654892862843504554915339311374762805,0.669568832250715871051161173362320939435332686248664406165016
0.1,0.55,1.55965456415894020237418878544901211832756211153187484154886,0.0411095912888053511469029199054561561853490905603272147174127,0.0649617609322601851888175097596661984820865136850116147252235,-0.0387584943628289142254911158464072890510378207044152124137584,0.649617609322601851888175097596661984820865136850116147252235
0.1,0.6,1.60452777700954469097408133732321697498640718032340546607107,0.0388423520603066714534058476393377435585384301726262368004002,0.0630779969619343766948847313589446739457616930115148852022806,-0.0366209207187708172573315286472113328051891967028166244442116,0.630779969619343766948847313589446739457616930115148852022806
0.1,0.65,1.64957572008138749330692039194900687156796994620620202060179,0.0367498430530463054928552781248043708544454668761911888918995,0.0612969242993186030822263056754340588794584325957821839115164,-0.0346480843071338367528811607423754012984691315570066706190413,0.612969242993186030822263056754340588794584325957821839115164
0.1,0.7,1.69478181104088387070451671331226464213451909851515582462415,0.0348154819334395145970619753477388721353388900059133904750329,0.0596107044145446202904097060949979696401153449344706598005335,-0.0328243511538837511872486257926229562760913260627126122306833,0.596107044145446202904097060949979696401153449344706598005335
0.1,0.75,1.74013126073034147564099022349763406316904679642170969552377,0.0330244795437939512401458613927850238842108587332356589354329,0.0580122373480747732450969019968761022411021478616443032951243,-0.0311357779074308323896154475020360761370767788133177044771905,0.580122373480747732450969019968761022411021478616443032951243
0.1,0.8,1.78561086601211681351479211606477515467102578735963424324003,0.0313636327464661208205581298196028461005341204919286042124697,0.0564950821592309567196821480410876350268205194502325166045579,-0.0295699165302275411520699303341698844498473268177644855430366,0.564950821592309567196821480410876350268205194502325166045579
0.1,0.85,1.83120882620688882628301686862199754679726654839020717123046,0.0298211408621349652953932582365019689411191523432699297636719,0.0550533865754601063541228612540025366470144955626845518579503,-0.0281156412351131734669498403686900306399006112464365062645655,0.550533865754601063541228612540025366470144955626845518579503
0.1,0.9,1.87691458091815756898946101149490830018430941719983918223686,0.0283864434943005397084477769690894530425062919736703383308491,0.0536818247819896165491078674717228642332737245792158184522195,-0.026762995584784889653612540944788848164805667033049344081912,0.536818247819896165491078674717228642332737245792158184522195
0.1,0.95,1.92271866705158214267626303158499246376359357457092092415684,0.0270500775486219451018601729188503473361347201655204778116077,0.0523755423956215454421008772634844682210117679830116692691022,-0.0255030576883367461179751313805755314465560255051834831978446,0.523755423956215454421008772634844682210117679830116692691022
0.1,1.0,1.96861259293530276380978882233937257293774506242942546311515,0.0258035513532393979419963395329071872246304788447934143306937,0.0511301077676594830583001386986701434761490921751399305417874,-0.0243278215207611909691198980112748242105968653225904105696333,0.511301077676594830583001386986701434761490921751399305417874
0.1,1.05,2.01458872759127144038593464854118870553723446887171751245248,0.0246392339301049062247525415944000505384641561078538612288032,0.0499414688564049417751001165337549896967928395150418814855865,-0.0232300925269584631009146527097728736595328544443662094154085,0.499414688564049417751001165337549896967928395150418814855865
0.1,1.1,2.06064020337424746648168404308900753252887553231339015548634,0.0235502576339777640271123120018956082444494903702949018234411,0.0488059149977092275929096816637176914943885697922941700900794,-0.0222033958289012469432128290855184111321415689408549991284367,0.488059149977092275929096816637176914943885697922941700900794
0.1,1.15,2.10676083036889850732856221148059592300923722255389361046174,0.022530432549525636580600856253160729439155451431566754359614,0.0477200429820434513040370341961252892573052066936069557408321,-0.021241895518447589833704973670549402721232759274463450557506,0.477200429820434513040370341961252892573052066936069557408321
0.1,1.2,2.15294502110645359283934880979447869307038676070734946503927,0.0215741712079775537979978304267202302146492604057910064979259,0.0466807269183690417982065494620526129878765252592276760812915,-0.0203403236795206637549396756298904703801843094756961821952876,0.466807269183690417982065494620526129878765252592276760812915
0.1,1.25,2.19918772432459266295973637657616978379308186369840341275136,0.0206764223470134556249957730680880516516886342176133517707925,0.0456850914290387133717966072028190277376247778705671100726538,-0.0194939179363337132973050140008108323315381442710515218065411,0.456850914290387133717966072028190277376247778705671100726538
0.1,1.3,2.24548436664443098435851242017749589541649747951504944440342,0.0198326125877486087303821925290908939894485208550277809836274,0.0447304877765329163778618789032919207180590124836264743907337,-0.0186983664659236313829527675915653106060478151658452839080222,0.447304877765329163778618789032919207180590124836264743907337
0.1,1.35,2.2918308011750628019188163133748778717157170047436574387692,0.0190385950392772579972964615861496010030123169044041729101845,0.0438144725726491707576935488228481622189496254425460661205848,-0.0179497595420500176554962351568918506330249242207171934635144,0.438144725726491707576935488228481622189496254425460661205848
0.1,1.4,2.3382232621788265604162181360124955019661371690268421395316,0.0182906039639378482013086600834439619677767520083572712333645,0.0429347887644625410440435067647475297893841223841732133632335,-0.0172445467931973317532838439590751006169464828318913685685551,0.429347887644625410440435067647475297893841223841732133632335
0.1,1.45,2.3846583250396270763723391316695794059092738846981971132624,0.0175852147456351958640400316002045966252577385004806425249448,0.0420893486296136306411248811679420861568984970709121154964804,-0.0165794994603470872327751069104554467140705789759555001287628,0.420893486296136306411248811679420861568984970709121154964804
0.1,1.5,2.43113287087310477500083309277446079088231548638441614751701,0.0169193085000097261991443685647627123126436110074680743403351,0.0412762185468756204090745711928495313636661995793716754152205,-0.0159516770311254281021590896418890844536038596755524143865141,0.412762185468756204090745711928495313636661995793716754152205
0.1,1.55,2.47764405520220719465342076499767904863614251086419788281574,0.0162900407500089775583424166476577007808149063080182071998337,0.0404936053370799244109459594869398540903187224021118053528554,-0.0153583977068487208222450595544876487799673237140250601752333,0.404936053370799244109459594869398540903187224021118053528554
0.1,1.6,2.52418928019591199164078053165592530442131703873112536965234,0.0156948136646106062523125591655806872803337049957140915972158,0.0397398439948658337836534436151704290454237888426014769999557,-0.0147972122289405973874624801462652527215164934996928006187784,0.397398439948658337836534436151704290454237888426014769999557
0.1,1.65,2.57076617003359815360098352925443758525813028693380159460854,0.0151312514231935999191259326237696988314912240191587141141904,0.0390133866538347913136115284533311417042032717658466185788712,-0.0142658806522383902302646901511391287175929642925383610184488,0.390133866538347913136115284533311417042032717658466185788712
0.1,1.7,2.61737254901394239142966992647403219093401741402667378391828,0.0145971783244346694544227057030410352217226219327993009847116,0.0383127926469543120198890565967120161375075099613394641072494,-0.0137623517058627203231690914179432255153976702571535943251668,0.383127926469543120198890565967120161375075099613394641072494
0.1,1.75,2.66400642207623606343121057437383301931053070710665991713513,0.0140905993076251731625737294625185943125801858335538317623392,0.0376367195408404502012143616504031796108028557151221396872001,-0.0132847444285389751569557695734610695300475203882222158178203,0.376367195408404502012143616504031796108028557151221396872001
0.1,1.8,2.71066595744459168827150246738287468883199902643049798238382,0.0136096825968776297094759983312369945483927759781602945718052,0.0369839150371761740223046734601196990979838965264306938657697,-0.012831331805398285321475086492065104810093706961244712201111,0.369839150371761740223046734601196990979838965264306938657697
0.1,1.85,2.75734947114246155915869128748078554005808476472197711795021,0.0131527442156443323032751942888245764888227850904078276989752,0.0363532096472800527698473662419312264821328325815858207242958,-0.0124005261681256607044922853487703073811876728851150338317733,0.363532096472800527698473662419312264821328325815858207242958
0.1,1.9,2.80405541315695715485829838286610708468112786944837841215214,0.0127182341510367597094926655338228518262101606375775194616744,0.0357435100569726023365447431653600924287336117012692220745227,-0.0119908661505552347553013811745231675293345566662395943902619,0.357435100569726023365447431653600924287336117012692220745227
0.1,1.95,2.85078235506028328210119949769731609805357580422605317732343,0.0123047239752597186590041562247085959130023662360206821937453,0.035153793108611297308654021983438230523294465617511226438678,-0.0116010050180464521279393101055838103548540277988831088955868,0.35153793108611297308654021983438230523294465617511226438678
0.1,2.0,2.89752897891975156742999174488030619917275757091664980640961,0.0119108957556248356944067792673754277465284037473857088407022,0.0345831003356659138245963513842081429419927543180487966045092,-0.0112297002117445177708456199670540980076901466075979518200644,0.345831003356659138245963513842081429419927543180487966045092
0.1,2.05,2.94429406734880803668233039132845066735073949676689749878152,0.0115355321055781366533558015751966266388546004184017987733938,0.0340305329926448236386619510703120355913190941067390989628614,-0.0108758039685992444131661262521728819552267016726390421099451,0.340305329926448236386619510703120355913190941067390989628614
0.1,2.1,2.99107649456972838061627844746858314646279155695314829632282,0.011177507247395312293914233575005836465250931425420993875464,0.0334952475296996917970359632797109412106718458449842654744038,-0.0105382548951933416221513484179272808475526780008909314245483,0.334952475296996917970359632797109412106718458449842654744038
0.1,2.15,3.03787521837447418312738361674621365124445017180844233756647,0.0108357789730379465116297787123130719612538171014834326798958,0.0329764514669514530081442356808486379095386514151876137028529,-0.0102160703883649811880848859722020342515515657554464495194959,0.329764514669514530081442356808486379095386514151876137028529
0.1,2.2,3.0846892728839857181072317181268832050683422113465318543249,0.0105093814034463131980882559526593564994901274603413469991023,0.0324733996285988408167116316875626194838201700949518826483784,-0.00990833980860357855415357746586924293880251953426709292926859,0.324733996285988408167116316875626194838201700949518826483784
0.1,2.25,3.13151776201818987635062669552370365464481879547839104234504,0.0101974184585473031480936092091565367903109824129689325800234,0.0319853907012823909344168684469808093422789722562173131658077,-0.0096142183235142248453348160411273457051719099321500483789646,0.319853907012823909344168684469808093422789722562173131658077
0.1,2.3,3.17835985359946521970907644110383028959540598978086361445083,0.00989905796071947821315373064895990245524244753620990224659207,0.0315117640850598233404648030440451113908852839778338182734044,-0.00933292134851122591970060777368850310594362439440617916025018,0.315117640850598233404648030440451113908852839778338182734044
0.1,2.35,3.2252147740214369112639330732289864406551102776652827735133,0.00961352630358800147462073863379278422929100624139745886983039,0.0310518970087706050669312369293263895066882372437738894762372,-0.00906371952050976000751875400149642782347576949066298301960595,0.310518970087706050669312369293263895066882372437738894762372
0.1,2.4,3.27208180342295064391046294244695278829966968991401917203831,0.00934010362599856582776098371143586258819468931090225495562436,0.03060520188458682357054156025603706562088542692061941753203,-0.00880593414790486266954940265635100037602664217559979951851373,0.3060520188458682357054156025603706562088542692061941753203
0.1,2.45,3.31896027131405038867816564962227424169263025597647186935232,0.00907811943799514230207406674643404669549952619412334983041075,0.0301711238792149647487045282437601035042837700073777928697806,-0.00855893308670369983230626836848599024076965383443647425505849,0.301711238792149647487045282437601035042837700073777928697806
0.1,2.5,3.36584955260689232342373993309827810466109528903720142664241,0.0088269486517339087542587260821146403783088300756213046812771,0.0297491386815727617145125822321913436954673029532836423791766,-0.0083221269984353329423545859035603343616122906099104795336368,0.297491386815727617145125822321913436954673029532836423791766
0.1,2.55,3.41274906400988096705945996534530956454837624422195395557554,0.00858600797561938409658913418882283097993405608114223117518594,0.0293387504488551257949760032657522495946641754640239718177002,-0.00809496595050966360277258282063138170976365724916499045473686,0.293387504488551257949760032657522495946641754640239718177002
0.1,2.6,3.45965826074801194318739229399855009054968573035693187446568,0.00835475263464719193113183870174008769558781303688854762609768,0.0289394899147564466009075850360520743848315873334916122246015,-0.00787693632412693783744889854624404809119079204220998730106587,0.289394899147564466009075850360520743848315873334916122246015
0.1,2.65,3.50657663357653406357419854002311443605832215893846874639607,0.00813267338406614402454846058598116391856851243919381711727022,0.0285509126452620873302075510212965276072750032887001444278984,-0.00766755799873135717178536458441133672516751064377030886574367,0.285509126452620873302075510212965276072750032887001444278984
0.1,2.7,3.55350370605867510716926333380121061739089005011730887181857,0.00791929378710401932622363022375407596548067443880234010054866,0.0281725974288848052551828987377500736611793163714967325708424,-0.00746638178542632942522002967442776757328187079178094462039591,0.281725974288848052551828987377500736611793163714967325708424
0.1,2.75,3.6004390320813743677568291966350564541800364464273407165119,0.00771416773070011162039986891727664346897134156960258235465084,0.0278041447895239695416200426703580268960512185862301895881614,-0.00727298708478465292962217399387861762336730496184229892166894,0.278041447895239695416200426703580268960512185862301895881614
0.1,2.8,3.64738219358578578360643236006891980485002036825850050613124,0.00751687715600835917661340821081672485329953422153076953477368,0.0274451756112859121541052628746180398736800477434765765535043,-0.00708697974714634732152738202361356833060601884683213906636631,0.274451756112859121541052628746180398736800477434765765535043
0.1,2.85,3.69433279849180590996838342323035028935076929393760332668582,0.00732702998292531724517484723192394006839273072140198765012708,0.027095329865639199418883345733892035187370212926218076640576,-0.00690799011584486046021980383595089084813651338000832856738609,0.27095329865639199418883345733892035187370212926218076640576
0.1,2.9,3.74129047879808247343553452310736564084417432060028037783822,0.00714425821009871241893632296861602227614202820484743636330746,0.0267542654322036249052639367416341267212155127263696229142153,-0.00673567123587795455143081200079254699531785333691965226306854,0.267542654322036249052639367416341267212155127263696229142153
0.1,2.95,3.78825488884090761796837433843117526447905019714600487516167,0.00696821617382068865838651415210237662536217557134033124753303,0.0264216570052990556288223325873115344610053183671950193587421,-0.006569697212376516140201426576406383716134508597498355996661,0.264216570052990556288223325873115344610053183671950193587421
0.1,3.0,3.83522570369712636998917784086350481499314548706856994815957,0.0067985789509362723858003924441086578538017363146738018062092,0.0260971950791210933071658408254301861768049479244235695348756,-0.00640976170485221676747114233047804708874805996828064297600967,0.260971950791210933071658408254301861768049479244235695348756
1,0.0,1.46557123187676802665673122521993910802557756847228570164318,0.465571231876768026656731225219939108025577568472285701643183,0.790706089803644977725859996956602831323994088610855015884001,-0.438944766913916251669101280798197608451195399377642269712884,0.790706089803644977725859996956602831323994088610855015884001
1,0.05,1.49472649439277840790545337391372767692743752464388464486209,0.447586042313675239612063749773404407641781795464653042422869,0.769185348603667113281179523048672766061197777793309996267245,-0.42198816757926501214863703436941040664074916875070472050964,0.769185348603667113281179523048672766061197777793309996267245
1,0.1,1.52453511913857722552274795429761573017817460441059684504753,0.430254214980370888935968706016969191606863146052133640169086,0.748497005649162355937770624448780237311546610152651565168108,-0.40564756406228652817231762814374363425347348072426778777626,0.748497005649162355937770624448780237311546610152651565168108
1,0.15,1.55498825659272540990723259679621228290327717634407391431018,0.413566900355415905027063724375242475046309988806379106992511,0.728610463902918822965820357563225685736467642892134432989829,-0.389914612954154370607096353944684249699183728013516121303038,0.728610463902918822965820357563225685736467642892134432989829
1,0.2,1.58607561882721594820739785614991132234839615334892219880907,0.397513810510803275033839359588618245205773236631995789052178,0.709495577771696369962590096311466491507457519325486397655375,-0.37477961470332438239916334885404513916438306155502098837951,0.709495577771696369962590096311466491507457519325486397655375
1,0.25,1.61778558092522742448637895465523169741573793268211888641641,0.382083320529711583019430833953615350987459286785960874220298,0.691122718578504487583533650567846146095847219084567934161376,-0.360231609233109693182608008778822040981284879689473626769102,0.691122718578504487583533650567846146095847219084567934161376
1,0.3,1.65010529525104308682580281004563614826257949446033797870766,0.36726258277642407706546506520369653254864511938494836407232,0.673462834940756776758469243563732692013716902725180759221679,-0.346258483676393596595545361856911580047604126464853799072454,0.673462834940756776758469243563732692013716902725180759221679
1,0.35,1.68302081584379903203646410450977487775750764781575581421266,0.353037651290076853982736735527511992757917543561134597138104,0.656487507512010728315262841237020177574258918319342177033917,-0.332847089655180055107723196853148547905684436276671619586043,0.656487507512010728315262841237020177574258918319342177033917
1,0.4,1.71651723007649073304364424297431249533244188128326362588713,0.33939361344366538669652724985172634104719604784941080637335,0.640168997677145820054235008055634898049037365480828361578925,-0.319983367409895459751299353836616543133319906885977150192169,0.640168997677145820054235008055634898049037365480828361578925
1,0.45,1.75057879470623983368416961190645288463699633837159896385026,0.326314725994311319043662994643543461066094775758514541897259,0.624480289926389655199370255538776380864876312457701422646569,-0.307652474068810273907476228574125280754209287780518173015099,0.624480289926389655199370255538776380864876312457701422646569
1,0.5,1.78518907353266666281901680084967555553570422936742558521938,0.313784552741634979885120559446442862679146937575109560827158,0.609395127767335480984329279618274241273032646739041948855974,-0.295838913433597289083660712904704576776028930241952339313956,0.609395127767335480984329279618274241273032646739041948855974
1,0.55,1.82033107406424589975256751330032294547219423972525544497634,0.301786101194111048525281647756766983329981218753707818144895,0.594888043161308484055633209539318677612698590523246329169767,-0.284526664829607426340787759696481839365593468461399884905732,0.594888043161308484055633209539318677612698590523246329169767
1,0.6,1.85598738084975687942856353919207807735572402837704114375387,0.290301955900518859907888049508198845927855278226261914483197,0.580934379587199022030159686089374541941085154032556873419751,-0.273699308811966611281628748210618669072436789713211646838018,0.580934379587199022030159686089374541941085154032556873419751
1,0.65,1.89214028344325599617878829539443256177279733392890818457615,0.279314406414914808364723181570230061059272854598897352866254,0.567510308939159807707721723146726812948051861446172186284223,-0.263340147812108762104273282818211444248949985633619630380259,0.567510308939159807707721723146726812948051861446172186284223
1,0.7,1.92877189731584343984982160613837935732204759205331035480157,0.268805568208399083742366868173853587322867383544067920652449,0.554592842552297413494314999321254900514532659150359800374111,-0.253432320134482702083804841426932494666400870533084657191056,0.554592842552297413494314999321254900514532659150359800374111
1,0.75,1.96586427638635814136531878419530173675178410714633258622052,0.258757495199810616964474422090452697466948169457858549632182,0.542159836721562246005818101351200199480624925317194695866936,-0.243958906051508809761415385237422694931102993451755282212459,0.542159836721562246005818101351200199480624925317194695866936
1,0.8,2.00339951619868626263830902783696471060410490931277455186684,0.249152282933035569944075041591792402033613242445068912839273,0.530189993133213361034526066982523360049650826303592297472259,-0.234903025080078349335509045304891957546778060947443437190053,0.530189993133213361034526066982523360049650826303592297472259
1,0.85,2.04135984711123383831757776743976706604202445788962279441219,0.239972161766479977329954157054271488185877061842685552945404,0.518662854666012658210336824494489191800348297749405502892034,-0.226247923841430857564523537259866324610796186575373550861528,0.518662854666012658210336824494489191800348297749405502892034
1,0.9,2.07972771717326046376337015012716484395206884114715085470191,0.231199579749403434482356915601345996810265715920982010795898,0.507558797041794362651506901419337670651072822882779806785408,-0.217977054197710877962574132169726859675897657362932579957082,0.507558797041794362651506901419337670651072822882779806785408
1,0.95,2.11848586463556918524724379163667947169644842497656774467981,0.22281727513260898767284093297053735526898957057116729833458,0.496859016813807045621870602382257560919659992357793083843884,-0.210074141615702000632988346753092970011889491818661621856097,0.496859016813807045621870602382257560919659992357793083843884
1,1.0,2.15761738027506879118435374401248124624725683367616891076475,0.214808338693005425316561261206015860534142250091536861980299,0.486545516178066526035270731148185698695802828479748915915687,-0.202523243926987703086623745480343458620574261291854875913064,0.486545516178066526035270731148185698695802828479748915915687
1,1.05,2.19710575990234862024967298745607806975940163955490209625403,0.207156266241182086088490880509289414760631326791038445030358,0.476601085079859373740728379305648880601172732802535619649138,-0.195308800832567630880416525406948005660724717562377663759162,0.476601085079859373740728379305648880601172732802535619649138
1,1.1,2.23693494756932187756117496955985886643134217565427687350482,0.199845001829052175106603238472746942146916133711181619841923,0.4670092810664887956517517187074791769978741614899615619067,-0.188415674639414381567693926148799367092723517817892970176503,0.4670092810664887956517517187074791769978741614899615619067
1,1.15,2.27708937010265701242924888241751713189441595603497476877298,0.192858972283284141681287527190081938324334184912647912670856,0.457754407310271554015491438521250958981514626606805112835573,-0.181829182818904844494054488302703990483292523759466712981547,0.457754407310271554015491438521250958981514626606805112835573
1,1.2,2.3175539636618196193916597357146169511383719779833317993548,0.186183113763343580350308756346858488282634477681773340813457,0.448821489194443465129009945788706889637864403228456001364361,-0.175535123045982231808418927204463431074062345918192621517637,0.448821489194443465129009945788706889637864403228456001364361
1,1.25,2.3583141930625360949249423750840080476296258966762671785997,0.179802891084956887590201771575926315488232667195477117619133,0.440196249820585601964435482853810806039739388329761050866109,-0.169519791417492328692933037397074950640628194027438188738204,0.440196249820585601964435482853810806039739388329761050866109
1,1.3,2.39935606462215787663374322636476787584782331941014185821612,0.173704310565475501005612998716362874420774360750120194796336,0.431865084760797999288765756542080819319301706584272406045721,-0.163769994562909040485581544817095620909311805592486801856578,0.431865084760797999288765756542080819319301706584272406045721
1,1.35,2.44066613327756537386651386585473801134010572848807481189882,0.167873927141779829944994014066009740627401040648821546039807,0.423815036342249310971103270207404706506291879207813310682609,-0.158273056355158575577171821092062930918772719940616534829577,0.423815036342249310971103270207404706506291879207813310682609
1,1.4,2.48223150470349608408637795984729188685601703106078127674484,0.162298846488607371871468483918240346857656614042296408446601,0.416033767716823869223674766684209808752373612269807039923056,-0.153016819907798346563288536570967374863340894207597639520722,0.416033767716823869223674766684209808752373612269807039923056
1,1.45,2.5240398331237171538886368892196457525981852452891503176828,0.156966722829725273380337789150270943314169099091433846945346,0.408509536935068441329794770350293914640743642664004416860937,-0.147989645511370670308685856016533078381514127226772789067972,0.408509536935068441329794770350293914640743642664004416860937
1,1.5,2.56607931546300727020290114363144972838823510454325927090387,0.151865753089912221401212419421751649818563229166311197727193,0.401231171212019125989859505517353125887341072615490315717507,-0.143180405119838419637018171462894732348183867359087826390214,0.401231171212019125989859505517353125887341072615490315717507
1,1.55,2.60833868243765186930592403915589274454379150640381805681366,0.146984667985453652210845690805871396688463901847638381197761,0.394188041543110910982572452268349710103841873500601563488121,-0.138578473950623350369428069370631472676213827654906895245159,0.394188041543110910982572452268349710103841873500601563488121
1,1.6,2.65080718712873684740631375810847700288646214406000758767133,0.142312720597435462017845785618132385745478810324596309616206,0.387370037801447613283781432703049683273462794675906236016247,-0.134173719711404096161183114559151320371472307681755138632167,0.387370037801447613283781432703049683273462794675906236016247
1,1.65,2.6934745915280830213319211750267520549462843963113428863341,0.137839672917678467650063578396084168519645333396700005839754,0.380767544423334869660447423067371517544266252340036046632234,-0.129956489915501532000085494795543386088585760219530029308143,0.380767544423334869660447423067371517544266252340036046632234
1,1.7,2.73633115149285979398694841203009186718726838056238168298788,0.133555780803352072011701191259100711474973588468507200054305,0.37437141676716086739334554537348683218646206012080099020216,-0.125917597696952503904215153840900401837586714302798016980343,0.37437141676716086739334554537348683218646206012080099020216
1,1.75,2.77936760049299890960143974585466000127389723332024660955805,0.129451777724388019332802900943345576275946712047140524185259,0.368172958211387557128367931780998411386401726578364063720974,-0.122048306487424568278875975574107318586787043330569059199309,0.368172958211387557128367931780998411386401726578364063720974
1,1.8,2.82257513248638766591508844824032442587408186254753971220197,0.125518857638673607353061979188686731590475612095202024389954,0.362163898040477995669662936194351712698785088399015532077664,-0.118340313870793317017597548154355536973017220254099664228619,0.362163898040477995669662936194351712698785088399015532077664
1,1.85,2.86594538421104698696387524103232416287008468506950027149292,0.121748657284229760108459147840363199300822705437930981241684,0.356336370152887360378030340547839392600135881822429763662274,-0.114785734888047757800259530347957746421059316087715158367609,0.356336370152887360378030340547839392600135881822429763662274
1,1.9,2.90947041714144230548385557501287819630129781221336090762629,0.118133238135521910335049857680593963446380103402560014935829,0.350682892612618236628323865053415752056374632431641014599755,-0.111377085025537070527499690191466654985145559877933187540718,0.350682892612618236628323865053415752056374632431641014599755
1,1.95,2.95314269931789133803133583433980169079052933573320559269321,0.11466506823286777458914049286719418864995589774317309756353,0.345196348055105443561684896117167278294534021005299864916603,-0.108107263083571966803274821824776389666642622622208298831875,0.345196348055105443561684896117167278294534021005299864916603
1,2.0,2.99695508722373231329666336862562456451232472868496007921422,0.111337004059605581561078403012693793086095561515695981645315,0.33986996494916859922130740349926152564661160681632221798901,-0.104969534090055036518417712627551237659562955221588293887249,0.33986996494916859922130740349926152564661160681632221798901
1,2.05,3.04090080785439954770974999790934629528203971094000412236066,0.108142272611169647680775408156092254570154814591508422352527,0.334697299709270754118066201408757760467993781682067543553732,-0.101957512395043076606869529660546025796624382958633042870247,0.334697299709270754118066201408757760467993781682067543553732
1,2.1,3.08497344109564347304641665142105742517346268487507014379738,0.105074453773310404724052437527480115175922059347342841350033,0.329672219646174291484590186616241142674800914096930373632888,-0.0990651450567736043032185707416640081220755723522457501165823,0.329672219646174291484590186616241142674800914096930373632888
1,2.15,3.12916690250460068614199145798369812170551743250499387237651,0.102127463103164449526237619949797542422321077798034967489938,0.324788886739126102883577690205764729617390804922337357011488,-0.0962866956075020136444916812116263776048485051307840019431583,0.324788886739126102883577690205764729617390804922337357011488
1,2.2,3.17347542656700660273383613372497966037443900357802294290373,0.0992955350864671978246926715507558118055869196918324355779303,0.32004174220877958063945102593769866279180013414742318457308,-0.0936167282682502842271283658367392324622475037804695919999736,0.32004174220877958063945102593769866279180013414742318457308
1,2.25,3.21789355048627401223109041664463875234073076967661524019931,0.0965732069266314390285573303300916344862229566111931304342951,0.315425491867030658960153520044400837474605848836118777225318,-0.0910500926650036702673260147492323550868897780008154796741126,0.315425491867030658960153520044400837474605848836118777225318
1,2.3,3.26241609854515731135583165735787538871479309527816059452848,0.0939553029064115698599089469030050015746295530335068823242405,0.310935092217681488437773450212183103546408563127642928079168,-0.0885819090847463447817591625865216553012078983443028852614478,0.310935092217681488437773450212183103546408563127642928079168
1,2.35,3.30703816706801221368840715733676553608715534210949875543464,0.0914369193501633038990948227415718796613360706856134407911744,0.306565737280233845191680540672629145530330473776466743844183,-0.0862075542977438887840350878271238787031736923856312566508182,0.306565737280233845191680540672629145530330473776466743844183
1,2.4,3.35175511000098393686686655281352795981214502812022528906286,0.089013410204031858784164594078011034100670027517108371980171,0.302312846108053130378398771850409699456867411037849388773917,-0.0839226479624143362644749354639866819259951190058271446955045,0.302312846108053130378398771850409699456867411037849388773917
1,2.45,3.39656252511856885637711123703778135236252394862638662011286,0.0866803732425136100010196541619411573653932188440381005909464,0.298172050971542791959505900718492977707378309094396805461578,-0.0817230396207497868787233583647745487890775355773262894343714,0.298172050971542791959505900718492977707378309094396805461578
1,2.5,3.44145624085766937112826194566845208732153040242601951387948,0.0844336369025109564587807386522886230387439434644393919183466,0.294139186176749277028603413877568486376659612400343135444185,-0.0796047962853442922388304039038118501688091957357959924950693,0.294139186176749277028603413877568486376659612400343135444185
1,2.55,3.48643230377429282474079154886023548421734832994002798802292,0.0822692477400312417779207177037487506489061417992162636225637,0.290210277489910473577042311951523466865624375117763486409417,-0.0775641906134561876176544313816301000250983862377470379004992,0.290210277489910473577042311951523466865624375117763486409417
1,2.6,3.53148696661324620175867524658854147197471124819637551311032,0.0801834584998814505024147912917314691206133308763321862707393,0.286381532138806561779658838187373440481718839566259001757004,-0.0755976896590083827032321092741102961003335721889388358694232,0.286381532138806561779658838187373440481718839566259001757004
1,2.65,3.57661667697738187437033918401722760777982876008813338220533,0.0781727167849139548206891045800943356400751135888584529265262,0.282649329362320136475327636023366098122316301214379162437657,-0.0737019441898508036628679154132028513095473221887898229222704,0.282649329362320136475327636023366098122316301214379162437657
1,2.7,3.62181806658000743919318552981652726450853651862106016511606,0.0762336543084363513501458262390707230831271429425536333980342,0.2790102114803186882842723095298394560913892519667188846222,-0.0718737785548352120451402443475268563259389235703169800406895,0.2790102114803186882842723095298394560913892519667188846222
1,2.75,3.66708794106185365744059507387758930369888422565406816731723,0.0743630767111794013041657461598094929878191207963300331599877,0.27546087545679992680493211175691903545013375426216258321433,-0.0701101810831605080493285908520895407017677651660863035835458,0.27546087545679992680493211175691903545013375426216258321433
1,2.8,3.71242327035238385198846348408421405575192013257888942963905,0.0725579539226064275586445322261109757551992985419196930425792,0.271998164930157670749830092726539737972123656542663614973784,-0.0684082949969280810676741164652624014547333239117398277883435,0.271998164930157670749830092726539737972123656542663614973784
1,2.85,3.75782117955412572832529215268598554746158089775153039168088,0.0708154110452451356020835766875591981792043345353290526451885,0.268619062685406852408773822298099597620687396367806709051794,-0.0667654098168074304152220067889913802296558897619367241639922,0.268619062685406852408773822298099597620687396367806709051794
1,2.9,3.80327894032802571005602894030871879818138135746008012419777,0.0691327197400419490394307401699691796133490650646471827228525,0.265320683544228721864038200917365277765520999103570602628459,-0.065178953240070342817120163930992936770186014340804603841021,0.265320683544228721864038200917365277765520999103570602628459
1,2.95,3.84879396275749169221275045106805359290818229491264436801149,0.0675072900904047629027626267889807050544942733379798240973535,0.262100267649743527554216683363434289192608769636335490228627,-0.0636464834699368383048204777958576365701801522298694577253022,0.262100267649743527554216683363434289192608769636335490228627
1,3.0,3.89436378766873841302354987149029899715232572383562475715762,0.0659366629225483154201724230709028400129819730817286108042637,0.25895517412397300353114387019564815955729754767188830654664,-0.0621656819751273504922468215242023437495281504215422141475216,0.25895517412397300353114387019564815955729754767188830654664
