q,n,Lambda_eV,G00,tau,zeta,h2,M_eV,min_mass_eV,max_mass_eV,condition_H,mG_eV,phase,rH,hidden_self_mass_leading_eV,clockoff_my2_leading_eV2,max_x,max_static_force_ratio,max_once_rematched_force_ratio,alpha_delta,max_abs_static_dVchi_eV4,max_abs_static_dVy_eV4,FX_over_min_mass2,MQ_over_min_mass,max_mass_over_KK,gap_conditions_pass,static_response_and_gap_conditions_pass,once_rematched_response_and_gap_conditions_pass
2.0,202,1000000000000.0,0.25,2.3336307291979116e-61,1.0,0.08333333333333334,500000000000.0,500119733867.1163,1499960083401.1167,8.995212365110099,1e-06,zero,3.1911241336605953,8435087432.860433,6.197615622946912e-42,9.484960625107849e-05,1.697555514790602e+23,8.488582521788559e+22,4.7431550354724996e-05,2432112840.551307,0.0,0.016862098041942275,0.19995211791936685,0.014999600834011168,False,False,False
2.0,202,1000000000000.0,0.25,2.3336307291979116e-61,1.0,0.08333333333333334,500000000000.0,500119733867.1163,1499960083401.1167,8.995212365110099,1e-06,quadrature,3.1911241336605953,8435087432.860433,6.197615622946912e-42,9.484960625107849e-05,5.6585183826353395e+22,2.829527507262853e+22,4.7431550354724996e-05,1.753169546653876e-21,810704280.1837691,0.016862098041942275,0.19995211791936685,0.014999600834011168,False,False,False
2.0,202,1000000000000.0,0.25,2.3336307291979116e-61,1.0,0.08333333333333334,500000000000.0,500119733867.1163,1499960083401.1167,8.995212365110099,1e-14,zero,3.1911241336605953,84.35087432860433,6.19761567957349e-58,9.48676e-21,0.16980385980244608,0.08490192990122278,4.743380000000015e-21,2.4328049610303647e-15,0.0,1.6862098041942276e-10,0.19995211791936685,0.014999600834011168,False,False,False
2.0,202,1000000000000.0,0.25,2.3336307291979116e-61,1.0,0.08333333333333334,500000000000.0,500119733867.1163,1499960083401.1167,8.995212365110099,1e-14,quadrature,3.1911241336605953,84.35087432860433,6.19761567957349e-58,9.48676e-21,0.05660128660081536,0.028300643300407595,4.743380000000015e-21,1.7536684562958413e-37,8.109349870101217e-16,1.6862098041942276e-10,0.19995211791936685,0.014999600834011168,False,False,False
2.0,202,1000000000000.0,0.25,2.3336307291979116e-61,1.0,0.08333333333333334,500000000000.0,500119733867.1163,1499960083401.1167,8.995212365110099,1e-15,zero,3.1911241336605953,8.435087432860433,6.197621285604534e-60,9.486760000000001e-23,0.0001698038598024461,8.490192990122298e-05,4.7433800000000044e-23,2.432804961030365e-18,0.0,1.6862098041942277e-11,0.19995211791936685,0.014999600834011168,False,False,False
2.0,202,1000000000000.0,0.25,2.3336307291979116e-61,1.0,0.08333333333333334,500000000000.0,500119733867.1163,1499960083401.1167,8.995212365110099,1e-15,quadrature,3.1911241336605953,8.435087432860433,6.197621285604534e-60,9.486760000000001e-23,5.660128660081538e-05,2.8300643300407667e-05,4.7433800000000044e-23,1.7536684562958415e-39,8.109349870101218e-19,1.6862098041942277e-11,0.19995211791936685,0.014999600834011168,False,False,False
3.0,128,1000000000000.0,0.1111111111111111,2.2617683795227874e-61,1.0,0.013888888888888885,333333333333.3333,666814915260.8627,1333259198733.6409,3.9977770126127363,1e-06,zero,3.0928559391769443,8435087432.860433,5.6863099746439265e-42,8.003172683279093e-05,1.4323761329527826e+23,7.162453773639633e+22,4.00206671602916e-05,2052186426.3646264,0.0,0.009485254366048902,0.14996665148211225,0.013332591987336408,False,False,False
3.0,128,1000000000000.0,0.1111111111111111,2.2617683795227874e-61,1.0,0.013888888888888885,333333333333.3333,666814915260.8627,1333259198733.6409,3.9977770126127363,1e-06,quadrature,3.0928559391769443,8435087432.860433,5.6863099746439265e-42,8.003172683279093e-05,4.774587109842608e+22,2.3874845912132108e+22,4.00206671602916e-05,1.4793025581590037e-21,684062142.1215421,0.009485254366048902,0.14996665148211225,0.013332591987336408,False,False,False
3.0,128,1000000000000.0,0.1111111111111111,2.2617683795227874e-61,1.0,0.013888888888888885,333333333333.3333,666814915260.8627,1333259198733.6409,3.9977770126127363,1e-14,zero,3.0928559391769443,84.35087432860433,5.686310031270507e-58,8.00445375e-21,0.1432720067083139,0.07163600335415689,4.002226875000004e-21,2.0526791858693703e-15,0.0,9.485254366048903e-11,0.14996665148211225,0.013332591987336408,False,False,False
3.0,128,1000000000000.0,0.1111111111111111,2.2617683795227874e-61,1.0,0.013888888888888885,333333333333.3333,666814915260.8627,1333259198733.6409,3.9977770126127363,1e-14,quadrature,3.0928559391769443,84.35087432860433,5.686310031270507e-58,8.00445375e-21,0.04775733556943797,0.023878667784718963,4.002226875000004e-21,1.479657759999616e-37,6.842263952897902e-16,9.485254366048903e-11,0.14996665148211225,0.013332591987336408,False,False,False
3.0,128,1000000000000.0,0.1111111111111111,2.2617683795227874e-61,1.0,0.013888888888888885,333333333333.3333,666814915260.8627,1333259198733.6409,3.9977770126127363,1e-15,zero,3.0928559391769443,8.435087432860433,5.686315637301547e-60,8.00445375e-23,0.0001432720067083139,7.163600335415706e-05,4.002226874999995e-23,2.0526791858693705e-18,0.0,9.485254366048903e-12,0.14996665148211225,0.013332591987336408,False,False,False
3.0,128,1000000000000.0,0.1111111111111111,2.2617683795227874e-61,1.0,0.013888888888888885,333333333333.3333,666814915260.8627,1333259198733.6409,3.9977770126127363,1e-15,quadrature,3.0928559391769443,8.435087432860433,5.686315637301547e-60,8.00445375e-23,4.775733556943798e-05,2.387866778471902e-05,4.002226874999995e-23,1.4796577599996163e-39,6.842263952897902e-19,9.485254366048903e-12,0.14996665148211225,0.013332591987336408,False,False,False
5.0,88,1000000000000.0,0.04,1.4855280471424712e-61,1.0,0.0016666666666666674,200000000000.0,800155719279.1968,1199896172551.9385,2.2487351501713246,1e-06,zero,2.0313858328799883,8435087432.860433,1.6330567293470907e-43,7.410432918985033e-05,1.3262977796343734e+23,6.631980265588837e+22,3.705628313275926e-05,1900206403.9368675,0.0,0.006587347364880311,0.12497567359773779,0.011998961725519385,False,False,False
5.0,88,1000000000000.0,0.04,1.4855280471424712e-61,1.0,0.0016666666666666674,200000000000.0,800155719279.1968,1199896172551.9385,2.2487351501713246,1e-06,quadrature,2.0313858328799883,8435087432.860433,1.6330567293470907e-43,7.410432918985033e-05,4.420992598781244e+22,2.210660088529612e+22,3.705628313275926e-05,1.3697489459344483e-21,633402134.6456225,0.006587347364880311,0.12497567359773779,0.011998961725519385,False,False,False
5.0,88,1000000000000.0,0.04,1.4855280471424712e-61,1.0,0.0016666666666666674,200000000000.0,800155719279.1968,1199896172551.9385,2.2487351501713246,1e-14,zero,2.0313858328799883,84.35087432860433,1.633057295612869e-59,7.411531250000003e-21,0.13265926547066106,0.0663296327353306,3.705765624999998e-21,1.9006288758049735e-15,0.0,6.587347364880312e-11,0.12497567359773779,0.011998961725519385,False,False,False
5.0,88,1000000000000.0,0.04,1.4855280471424712e-61,1.0,0.0016666666666666674,200000000000.0,800155719279.1968,1199896172551.9385,2.2487351501713246,1e-14,quadrature,2.0313858328799883,84.35087432860433,1.633057295612869e-59,7.411531250000003e-21,0.044219755156887024,0.022109877578443533,3.705765624999998e-21,1.3700534814811266e-37,6.335429586016578e-16,6.587347364880312e-11,0.12497567359773779,0.011998961725519385,False,False,False
5.0,88,1000000000000.0,0.04,1.4855280471424712e-61,1.0,0.0016666666666666674,200000000000.0,800155719279.1968,1199896172551.9385,2.2487351501713246,1e-15,zero,2.0313858328799883,8.435087432860433,1.6331133559232938e-61,7.411531250000003e-23,0.00013265926547066108,6.632963273533076e-05,3.70576562499999e-23,1.9006288758049733e-18,0.0,6.587347364880312e-12,0.12497567359773779,0.011998961725519385,False,False,False
5.0,88,1000000000000.0,0.04,1.4855280471424712e-61,1.0,0.0016666666666666674,200000000000.0,800155719279.1968,1199896172551.9385,2.2487351501713246,1e-15,quadrature,2.0313858328799883,8.435087432860433,1.6331133559232938e-61,7.411531250000003e-23,4.421975515688703e-05,2.2109877578443587e-05,3.70576562499999e-23,1.3700534814811267e-39,6.335429586016579e-19,6.587347364880312e-12,0.12497567359773779,0.011998961725519385,False,False,False
2.0,200,2000000000000.0,0.25,9.334522916791682e-61,1.0,0.08333333333333334,1000000000000.0,1000244256288.1268,2999918570188.6333,8.995116663488766,1e-06,zero,3.1911241336606078,4217543716.4302163,6.197615622946975e-42,5.929154690040884e-06,1.0612552466137946e+22,5.306307694521782e+21,2.9646037111508883e-06,152047605.50704223,0.0,0.004215484147908399,0.09997558033584385,0.02999918570188633,True,False,False
2.0,200,2000000000000.0,0.25,9.334522916791682e-61,1.0,0.08333333333333334,1000000000000.0,1000244256288.1268,2999918570188.6333,8.995116663488766,1e-06,quadrature,3.1911241336606078,4217543716.4302163,6.197615622946975e-42,5.929154690040884e-06,3.5375174887126493e+21,1.7687692315072604e+21,2.9646037111508883e-06,1.0960232895944253e-22,50682535.16901408,0.004215484147908399,0.09997558033584385,0.02999918570188633,True,False,False
2.0,200,2000000000000.0,0.25,9.334522916791682e-61,1.0,0.08333333333333334,1000000000000.0,1000244256288.1268,2999918570188.6333,8.995116663488766,1e-14,zero,3.1911241336606078,42.17543716430217,6.197615679573555e-58,5.929225e-22,0.01061274123765288,0.005306370618826425,2.9646125000000083e-22,1.520503100643978e-16,0.0,4.2154841479084e-11,0.09997558033584385,0.02999918570188633,True,True,True
2.0,200,2000000000000.0,0.25,9.334522916791682e-61,1.0,0.08333333333333334,1000000000000.0,1000244256288.1268,2999918570188.6333,8.995116663488766,1e-14,quadrature,3.1911241336606078,42.17543716430217,6.197615679573555e-58,5.929225e-22,0.00353758041255096,0.0017687902062754751,2.9646125000000083e-22,1.0960427851849008e-38,5.0683436688132603e-17,4.2154841479084e-11,0.09997558033584385,0.02999918570188633,True,True,True
2.0,200,2000000000000.0,0.25,9.334522916791682e-61,1.0,0.08333333333333334,1000000000000.0,1000244256288.1268,2999918570188.6333,8.995116663488766,1e-15,zero,3.1911241336606078,4.2175437164302165,6.197621285604598e-60,5.9292250000000004e-24,1.061274123765288e-05,5.306370618826439e-06,2.9646125000000017e-24,1.5205031006439781e-19,0.0,4.2154841479084e-12,0.09997558033584385,0.02999918570188633,True,True,True
2.0,200,2000000000000.0,0.25,9.334522916791682e-61,1.0,0.08333333333333334,1000000000000.0,1000244256288.1268,2999918570188.6333,8.995116663488766,1e-15,quadrature,3.1911241336606078,4.2175437164302165,6.197621285604598e-60,5.9292250000000004e-24,3.5375804125509614e-06,1.7687902062754798e-06,2.9646125000000017e-24,1.096042785184901e-40,5.068343668813261e-20,4.2154841479084e-12,0.09997558033584385,0.02999918570188633,True,True,True
3.0,127,2000000000000.0,0.1111111111111111,6.785305138568346e-61,1.0,0.013888888888888885,666666666666.6666,1333634480628.494,2666516071762.489,3.9977421602502115,1e-06,zero,2.319641954382703,4217543716.4302163,1.6631498886210988e-42,5.002733538939071e-06,8.954366029675537e+21,4.4772054128233194e+21,2.5013855399610305e-06,128290523.69728644,0.0,0.0023712970549839363,0.07498306428975472,0.026665160717624887,True,False,False
3.0,127,2000000000000.0,0.1111111111111111,6.785305138568346e-61,1.0,0.013888888888888885,666666666666.6666,1333634480628.494,2666516071762.489,3.9977421602502115,1e-06,quadrature,2.319641954382703,4217543716.4302163,1.6631498886210988e-42,5.002733538939071e-06,2.984788676558512e+21,1.49240180427444e+21,2.5013855399610305e-06,9.247722207633123e-23,42763507.89909548,0.0023712970549839363,0.07498306428975472,0.026665160717624887,True,False,False
3.0,127,2000000000000.0,0.1111111111111111,6.785305138568346e-61,1.0,0.013888888888888885,666666666666.6666,1333634480628.494,2666516071762.489,3.9977421602502115,1e-14,zero,2.319641954382703,42.17543716430217,1.6631499452476763e-58,5.00278359375e-22,0.008954500419269618,0.004477250209634807,2.5013917968750014e-22,1.2829244911683564e-16,0.0,2.3712970549839367e-11,0.07498306428975472,0.026665160717624887,True,True,True
3.0,127,2000000000000.0,0.1111111111111111,6.785305138568346e-61,1.0,0.013888888888888885,666666666666.6666,1333634480628.494,2666516071762.489,3.9977421602502115,1e-14,quadrature,2.319641954382703,42.17543716430217,1.6631499452476763e-58,5.00278359375e-22,0.002984833473089873,0.0014924167365449356,2.5013917968750014e-22,9.2478609999976e-39,4.2764149705611885e-17,2.3712970549839367e-11,0.07498306428975472,0.026665160717624887,True,True,True
3.0,127,2000000000000.0,0.1111111111111111,6.785305138568346e-61,1.0,0.013888888888888885,666666666666.6666,1333634480628.494,2666516071762.489,3.9977421602502115,1e-15,zero,2.319641954382703,4.2175437164302165,1.6631555512787192e-60,5.00278359375e-24,8.954500419269619e-06,4.477250209634817e-06,2.501391796874996e-24,1.2829244911683566e-19,0.0,2.371297054983937e-12,0.07498306428975472,0.026665160717624887,True,True,True
3.0,127,2000000000000.0,0.1111111111111111,6.785305138568346e-61,1.0,0.013888888888888885,666666666666.6666,1333634480628.494,2666516071762.489,3.9977421602502115,1e-15,quadrature,2.319641954382703,4.2175437164302165,1.6631555512787192e-60,5.00278359375e-24,2.9848334730898736e-06,1.4924167365449391e-06,2.501391796874996e-24,9.247860999997602e-41,4.276414970561189e-20,2.371297054983937e-12,0.07498306428975472,0.026665160717624887,True,True,True
5.0,87,2000000000000.0,0.04,7.42764023571227e-61,1.0,0.0016666666666666674,400000000000.0,1600318555459.76,2399787599153.5557,2.248706254829033,1e-06,zero,2.5392322910999567,4217543716.4302163,2.8057146835300524e-42,4.632164117261792e-06,8.291088874329486e+21,4.145563639873499e+21,2.316098151326781e-06,118787653.99843913,0.0,0.0016468221936997269,0.06248755890433997,0.023997875991535557,True,False,False
5.0,87,2000000000000.0,0.04,7.42764023571227e-61,1.0,0.0016666666666666674,400000000000.0,1600318555459.76,2399787599153.5557,2.248706254829033,1e-06,quadrature,2.5392322910999567,4217543716.4302163,2.8057146835300524e-42,4.632164117261792e-06,2.763696291443162e+21,1.3818545466244994e+21,2.316098151326781e-06,8.562715266998639e-23,39595884.66614638,0.0016468221936997269,0.06248755890433997,0.023997875991535557,True,False,False
5.0,87,2000000000000.0,0.04,7.42764023571227e-61,1.0,0.0016666666666666674,400000000000.0,1600318555459.76,2399787599153.5557,2.248706254829033,1e-14,zero,2.5392322910999567,42.17543716430217,2.805714740156632e-58,4.632207031250002e-22,0.008291204091916317,0.0041456020459581635,2.316103515624998e-22,1.1878930473781084e-16,0.0,1.646822193699727e-11,0.06248755890433997,0.023997875991535557,True,True,True
5.0,87,2000000000000.0,0.04,7.42764023571227e-61,1.0,0.0016666666666666674,400000000000.0,1600318555459.76,2399787599153.5557,2.248706254829033,1e-14,quadrature,2.5392322910999567,42.17543716430217,2.805714740156632e-58,4.632207031250002e-22,0.002763734697305439,0.0013818673486527212,2.316103515624998e-22,8.562834259257041e-39,3.959643491260361e-17,1.646822193699727e-11,0.06248755890433997,0.023997875991535557,True,True,True
5.0,87,2000000000000.0,0.04,7.42764023571227e-61,1.0,0.0016666666666666674,400000000000.0,1600318555459.76,2399787599153.5557,2.248706254829033,1e-15,zero,2.5392322910999567,4.2175437164302165,2.805720346187674e-60,4.632207031250002e-24,8.291204091916318e-06,4.1456020459581445e-06,2.316103515625009e-24,1.1878930473781083e-19,0.0,1.646822193699727e-12,0.06248755890433997,0.023997875991535557,True,True,True
5.0,87,2000000000000.0,0.04,7.42764023571227e-61,1.0,0.0016666666666666674,400000000000.0,1600318555459.76,2399787599153.5557,2.248706254829033,1e-15,quadrature,2.5392322910999567,4.2175437164302165,2.805720346187674e-60,4.632207031250002e-24,2.7637346973054395e-06,1.3818673486527149e-06,2.316103515625009e-24,8.562834259257042e-41,3.9596434912603617e-20,1.646822193699727e-12,0.06248755890433997,0.023997875991535557,True,True,True
