n,Lambda_eV,mG_eV,muH_eV,muL_eV,cUV_hat,heavy_threshold_hat,cL_hat,ell,potential_hat,derivative_hat,normalized_error
128,1000000000000.0,1e-17,500000000000.0,0.008435087432860434,-2.4255762319317076,0.10244940103393688,-5.536348743766116,4.605170185988091,-5.37903898443851,-5.3537086885279255,1.1102230246251565e-16
128,1000000000000.0,1e-17,500000000000.0,0.025305262298581297,-2.4255762319317076,0.10244940103393688,-5.425036046314245,2.4079456086518722,-5.37903898443851,-5.3537086885279255,1.1102230246251565e-16
128,1000000000000.0,1e-17,500000000000.0,0.08435087432860433,-2.4255762319317076,0.10244940103393688,-5.303048096706757,2.2204460492503128e-16,-5.37903898443851,-5.3537086885279255,1.1102230246251565e-16
128,1000000000000.0,1e-17,500000000000.0,0.253052622985813,-2.4255762319317076,0.10244940103393688,-5.1917353992548865,-2.197224577336219,-5.379038984438511,-5.3537086885279255,0.0
128,1000000000000.0,1e-17,500000000000.0,0.8435087432860433,-2.4255762319317076,0.10244940103393688,-5.069747449647398,-4.605170185988091,-5.379038984438511,-5.353708688527926,2.220446049250313e-16
128,1000000000000.0,1e-17,500000000000.0,500000000000.0,-2.4255762319317076,0.10244940103393688,-2.323126830897771,-58.82128807985628,-5.379038984438511,-5.3537086885279255,0.0
128,1000000000000.0,1e-17,500000000000.0,1000000000000.0,-2.4255762319317076,0.10244940103393688,-2.252896338125088,-60.207582440976175,-5.379038984438511,-5.353708688527926,2.220446049250313e-16
128,1000000000000.0,1e-17,750000000000.0,0.008435087432860434,-2.3228707202337384,0.040826094015155384,-5.5363487437661165,4.605170185988091,-5.379038984438511,-5.353708688527926,2.220446049250313e-16
128,1000000000000.0,1e-17,750000000000.0,0.025305262298581297,-2.3228707202337384,0.040826094015155384,-5.425036046314245,2.4079456086518722,-5.37903898443851,-5.3537086885279255,1.1102230246251565e-16
128,1000000000000.0,1e-17,750000000000.0,0.08435087432860433,-2.3228707202337384,0.040826094015155384,-5.303048096706757,2.2204460492503128e-16,-5.37903898443851,-5.3537086885279255,1.1102230246251565e-16
128,1000000000000.0,1e-17,750000000000.0,0.253052622985813,-2.3228707202337384,0.040826094015155384,-5.1917353992548865,-2.197224577336219,-5.379038984438511,-5.3537086885279255,0.0
128,1000000000000.0,1e-17,750000000000.0,0.8435087432860433,-2.3228707202337384,0.040826094015155384,-5.069747449647398,-4.605170185988091,-5.379038984438511,-5.353708688527926,2.220446049250313e-16
128,1000000000000.0,1e-17,750000000000.0,500000000000.0,-2.3228707202337384,0.040826094015155384,-2.323126830897771,-58.82128807985628,-5.379038984438511,-5.3537086885279255,0.0
128,1000000000000.0,1e-17,750000000000.0,1000000000000.0,-2.3228707202337384,0.040826094015155384,-2.252896338125088,-60.207582440976175,-5.379038984438511,-5.353708688527926,2.220446049250313e-16
128,1000000000000.0,1e-17,1000000000000.0,0.008435087432860434,-2.2500000000000004,-0.002896338125087436,-5.536348743766116,4.605170185988091,-5.37903898443851,-5.3537086885279255,1.1102230246251565e-16
128,1000000000000.0,1e-17,1000000000000.0,0.025305262298581297,-2.2500000000000004,-0.002896338125087436,-5.425036046314245,2.4079456086518722,-5.37903898443851,-5.3537086885279255,1.1102230246251565e-16
128,1000000000000.0,1e-17,1000000000000.0,0.08435087432860433,-2.2500000000000004,-0.002896338125087436,-5.303048096706757,2.2204460492503128e-16,-5.37903898443851,-5.3537086885279255,1.1102230246251565e-16
128,1000000000000.0,1e-17,1000000000000.0,0.253052622985813,-2.2500000000000004,-0.002896338125087436,-5.1917353992548865,-2.197224577336219,-5.379038984438511,-5.3537086885279255,0.0
128,1000000000000.0,1e-17,1000000000000.0,0.8435087432860433,-2.2500000000000004,-0.002896338125087436,-5.069747449647398,-4.605170185988091,-5.379038984438511,-5.353708688527926,2.220446049250313e-16
128,1000000000000.0,1e-17,1000000000000.0,500000000000.0,-2.2500000000000004,-0.002896338125087436,-2.3231268308977704,-58.82128807985628,-5.37903898443851,-5.3537086885279255,1.1102230246251565e-16
128,1000000000000.0,1e-17,1000000000000.0,1000000000000.0,-2.2500000000000004,-0.002896338125087436,-2.2528963381250877,-60.207582440976175,-5.379038984438511,-5.3537086885279255,0.0
128,1000000000000.0,1e-17,1250000000000.0,0.008435087432860434,-2.1934770781467243,-0.036810091237053144,-5.536348743766116,4.605170185988091,-5.37903898443851,-5.3537086885279255,1.1102230246251565e-16
128,1000000000000.0,1e-17,1250000000000.0,0.025305262298581297,-2.1934770781467243,-0.036810091237053144,-5.425036046314245,2.4079456086518722,-5.37903898443851,-5.3537086885279255,1.1102230246251565e-16
128,1000000000000.0,1e-17,1250000000000.0,0.08435087432860433,-2.1934770781467243,-0.036810091237053144,-5.303048096706757,2.2204460492503128e-16,-5.37903898443851,-5.3537086885279255,1.1102230246251565e-16
128,1000000000000.0,1e-17,1250000000000.0,0.253052622985813,-2.1934770781467243,-0.036810091237053144,-5.1917353992548865,-2.197224577336219,-5.379038984438511,-5.3537086885279255,0.0
128,1000000000000.0,1e-17,1250000000000.0,0.8435087432860433,-2.1934770781467243,-0.036810091237053144,-5.069747449647398,-4.605170185988091,-5.379038984438511,-5.353708688527926,2.220446049250313e-16
128,1000000000000.0,1e-17,1250000000000.0,500000000000.0,-2.1934770781467243,-0.036810091237053144,-2.323126830897771,-58.82128807985628,-5.379038984438511,-5.3537086885279255,0.0
128,1000000000000.0,1e-17,1250000000000.0,1000000000000.0,-2.1934770781467243,-0.036810091237053144,-2.2528963381250877,-60.207582440976175,-5.379038984438511,-5.3537086885279255,0.0
128,1000000000000.0,1e-17,2000000000000.0,0.008435087432860434,-2.0744237680682933,-0.10824207728411175,-5.536348743766116,4.605170185988091,-5.37903898443851,-5.3537086885279255,1.1102230246251565e-16
128,1000000000000.0,1e-17,2000000000000.0,0.025305262298581297,-2.0744237680682933,-0.10824207728411175,-5.425036046314245,2.4079456086518722,-5.37903898443851,-5.3537086885279255,1.1102230246251565e-16
128,1000000000000.0,1e-17,2000000000000.0,0.08435087432860433,-2.0744237680682933,-0.10824207728411175,-5.303048096706757,2.2204460492503128e-16,-5.37903898443851,-5.3537086885279255,1.1102230246251565e-16
128,1000000000000.0,1e-17,2000000000000.0,0.253052622985813,-2.0744237680682933,-0.10824207728411175,-5.1917353992548865,-2.197224577336219,-5.379038984438511,-5.3537086885279255,0.0
128,1000000000000.0,1e-17,2000000000000.0,0.8435087432860433,-2.0744237680682933,-0.10824207728411175,-5.069747449647398,-4.605170185988091,-5.379038984438511,-5.353708688527926,2.220446049250313e-16
128,1000000000000.0,1e-17,2000000000000.0,500000000000.0,-2.0744237680682933,-0.10824207728411175,-2.323126830897771,-58.82128807985628,-5.379038984438511,-5.3537086885279255,0.0
128,1000000000000.0,1e-17,2000000000000.0,1000000000000.0,-2.0744237680682933,-0.10824207728411175,-2.2528963381250877,-60.207582440976175,-5.379038984438511,-5.3537086885279255,0.0
128,1000000000000.0,1e-15,500000000000.0,0.8435087432860433,-2.4255762319317076,0.10244940103393688,-5.069747449647398,4.605170185988092,-4.912437690319792,-4.887107394409208,2.220446049250313e-16
128,1000000000000.0,1e-15,500000000000.0,2.53052622985813,-2.4255762319317076,0.10244940103393688,-4.958434752195528,2.4079456086518722,-4.912437690319792,-4.887107394409208,2.220446049250313e-16
128,1000000000000.0,1e-15,500000000000.0,8.435087432860433,-2.4255762319317076,0.10244940103393688,-4.836446802588039,0.0,-4.912437690319792,-4.887107394409208,2.220446049250313e-16
128,1000000000000.0,1e-15,500000000000.0,25.305262298581297,-2.4255762319317076,0.10244940103393688,-4.725134105136169,-2.197224577336219,-4.912437690319793,-4.887107394409208,4.440892098500626e-16
128,1000000000000.0,1e-15,500000000000.0,84.35087432860433,-2.4255762319317076,0.10244940103393688,-4.6031461555286795,-4.605170185988091,-4.912437690319792,-4.887107394409208,2.220446049250313e-16
128,1000000000000.0,1e-15,500000000000.0,500000000000.0,-2.4255762319317076,0.10244940103393688,-2.323126830897771,-49.6109477078801,-4.912437690319792,-4.887107394409208,2.220446049250313e-16
128,1000000000000.0,1e-15,500000000000.0,1000000000000.0,-2.4255762319317076,0.10244940103393688,-2.252896338125088,-50.99724206899999,-4.912437690319792,-4.887107394409208,2.220446049250313e-16
128,1000000000000.0,1e-15,750000000000.0,0.8435087432860433,-2.3228707202337384,0.040826094015155384,-5.069747449647398,4.605170185988092,-4.912437690319792,-4.887107394409208,2.220446049250313e-16
128,1000000000000.0,1e-15,750000000000.0,2.53052622985813,-2.3228707202337384,0.040826094015155384,-4.958434752195528,2.4079456086518722,-4.912437690319792,-4.887107394409208,2.220446049250313e-16
128,1000000000000.0,1e-15,750000000000.0,8.435087432860433,-2.3228707202337384,0.040826094015155384,-4.836446802588039,0.0,-4.912437690319792,-4.887107394409208,2.220446049250313e-16
128,1000000000000.0,1e-15,750000000000.0,25.305262298581297,-2.3228707202337384,0.040826094015155384,-4.725134105136168,-2.197224577336219,-4.912437690319792,-4.887107394409207,2.220446049250313e-16
128,1000000000000.0,1e-15,750000000000.0,84.35087432860433,-2.3228707202337384,0.040826094015155384,-4.6031461555286795,-4.605170185988091,-4.912437690319792,-4.887107394409208,2.220446049250313e-16
128,1000000000000.0,1e-15,750000000000.0,500000000000.0,-2.3228707202337384,0.040826094015155384,-2.323126830897771,-49.6109477078801,-4.912437690319792,-4.887107394409208,2.220446049250313e-16
128,1000000000000.0,1e-15,750000000000.0,1000000000000.0,-2.3228707202337384,0.040826094015155384,-2.252896338125088,-50.99724206899999,-4.912437690319792,-4.887107394409208,2.220446049250313e-16
128,1000000000000.0,1e-15,1000000000000.0,0.8435087432860433,-2.2500000000000004,-0.002896338125087436,-5.069747449647398,4.605170185988092,-4.912437690319792,-4.887107394409208,2.220446049250313e-16
128,1000000000000.0,1e-15,1000000000000.0,2.53052622985813,-2.2500000000000004,-0.002896338125087436,-4.958434752195527,2.4079456086518722,-4.912437690319791,-4.887107394409207,2.220446049250313e-16
128,1000000000000.0,1e-15,1000000000000.0,8.435087432860433,-2.2500000000000004,-0.002896338125087436,-4.836446802588038,0.0,-4.912437690319791,-4.887107394409207,2.220446049250313e-16
128,1000000000000.0,1e-15,1000000000000.0,25.305262298581297,-2.2500000000000004,-0.002896338125087436,-4.725134105136168,-2.197224577336219,-4.912437690319792,-4.887107394409207,2.220446049250313e-16
128,1000000000000.0,1e-15,1000000000000.0,84.35087432860433,-2.2500000000000004,-0.002896338125087436,-4.6031461555286795,-4.605170185988091,-4.912437690319792,-4.887107394409208,2.220446049250313e-16
128,1000000000000.0,1e-15,1000000000000.0,500000000000.0,-2.2500000000000004,-0.002896338125087436,-2.3231268308977704,-49.6109477078801,-4.912437690319791,-4.887107394409208,0.0
128,1000000000000.0,1e-15,1000000000000.0,1000000000000.0,-2.2500000000000004,-0.002896338125087436,-2.2528963381250877,-50.99724206899999,-4.912437690319791,-4.887107394409208,0.0
128,1000000000000.0,1e-15,1250000000000.0,0.8435087432860433,-2.1934770781467243,-0.036810091237053144,-5.069747449647398,4.605170185988092,-4.912437690319792,-4.887107394409208,2.220446049250313e-16
128,1000000000000.0,1e-15,1250000000000.0,2.53052622985813,-2.1934770781467243,-0.036810091237053144,-4.958434752195528,2.4079456086518722,-4.912437690319792,-4.887107394409208,2.220446049250313e-16
128,1000000000000.0,1e-15,1250000000000.0,8.435087432860433,-2.1934770781467243,-0.036810091237053144,-4.836446802588039,0.0,-4.912437690319792,-4.887107394409208,2.220446049250313e-16
128,1000000000000.0,1e-15,1250000000000.0,25.305262298581297,-2.1934770781467243,-0.036810091237053144,-4.725134105136168,-2.197224577336219,-4.912437690319792,-4.887107394409207,2.220446049250313e-16
128,1000000000000.0,1e-15,1250000000000.0,84.35087432860433,-2.1934770781467243,-0.036810091237053144,-4.6031461555286795,-4.605170185988091,-4.912437690319792,-4.887107394409208,2.220446049250313e-16
128,1000000000000.0,1e-15,1250000000000.0,500000000000.0,-2.1934770781467243,-0.036810091237053144,-2.323126830897771,-49.6109477078801,-4.912437690319792,-4.887107394409208,2.220446049250313e-16
128,1000000000000.0,1e-15,1250000000000.0,1000000000000.0,-2.1934770781467243,-0.036810091237053144,-2.2528963381250877,-50.99724206899999,-4.912437690319791,-4.887107394409208,0.0
128,1000000000000.0,1e-15,2000000000000.0,0.8435087432860433,-2.0744237680682933,-0.10824207728411175,-5.069747449647398,4.605170185988092,-4.912437690319792,-4.887107394409208,2.220446049250313e-16
128,1000000000000.0,1e-15,2000000000000.0,2.53052622985813,-2.0744237680682933,-0.10824207728411175,-4.958434752195528,2.4079456086518722,-4.912437690319792,-4.887107394409208,2.220446049250313e-16
128,1000000000000.0,1e-15,2000000000000.0,8.435087432860433,-2.0744237680682933,-0.10824207728411175,-4.836446802588039,0.0,-4.912437690319792,-4.887107394409208,2.220446049250313e-16
128,1000000000000.0,1e-15,2000000000000.0,25.305262298581297,-2.0744237680682933,-0.10824207728411175,-4.725134105136168,-2.197224577336219,-4.912437690319792,-4.887107394409207,2.220446049250313e-16
128,1000000000000.0,1e-15,2000000000000.0,84.35087432860433,-2.0744237680682933,-0.10824207728411175,-4.6031461555286795,-4.605170185988091,-4.912437690319792,-4.887107394409208,2.220446049250313e-16
128,1000000000000.0,1e-15,2000000000000.0,500000000000.0,-2.0744237680682933,-0.10824207728411175,-2.323126830897771,-49.6109477078801,-4.912437690319792,-4.887107394409208,2.220446049250313e-16
128,1000000000000.0,1e-15,2000000000000.0,1000000000000.0,-2.0744237680682933,-0.10824207728411175,-2.2528963381250877,-50.99724206899999,-4.912437690319791,-4.887107394409208,0.0
128,1000000000000.0,1e-14,500000000000.0,8.435087432860433,-2.4255762319317076,0.10244940103393688,-4.836446802588039,4.605170185988091,-4.679137043260433,-4.653806747349849,2.220446049250313e-16
128,1000000000000.0,1e-14,500000000000.0,25.3052622985813,-2.4255762319317076,0.10244940103393688,-4.725134105136169,2.407945608651872,-4.679137043260433,-4.653806747349849,2.220446049250313e-16
128,1000000000000.0,1e-14,500000000000.0,84.35087432860433,-2.4255762319317076,0.10244940103393688,-4.6031461555286795,-1.1102230246251565e-16,-4.6791370432604324,-4.653806747349848,2.220446049250313e-16
128,1000000000000.0,1e-14,500000000000.0,253.052622985813,-2.4255762319317076,0.10244940103393688,-4.491833458076809,-2.1972245773362196,-4.679137043260433,-4.653806747349849,2.220446049250313e-16
128,1000000000000.0,1e-14,500000000000.0,843.5087432860433,-2.4255762319317076,0.10244940103393688,-4.36984550846932,-4.605170185988092,-4.6791370432604324,-4.653806747349848,2.220446049250313e-16
128,1000000000000.0,1e-14,500000000000.0,500000000000.0,-2.4255762319317076,0.10244940103393688,-2.323126830897771,-45.00577752189201,-4.6791370432604324,-4.653806747349849,0.0
128,1000000000000.0,1e-14,500000000000.0,1000000000000.0,-2.4255762319317076,0.10244940103393688,-2.252896338125088,-46.3920718830119,-4.679137043260433,-4.653806747349849,2.220446049250313e-16
128,1000000000000.0,1e-14,750000000000.0,8.435087432860433,-2.3228707202337384,0.040826094015155384,-4.836446802588039,4.605170185988091,-4.679137043260433,-4.653806747349849,2.220446049250313e-16
128,1000000000000.0,1e-14,750000000000.0,25.3052622985813,-2.3228707202337384,0.040826094015155384,-4.725134105136168,2.407945608651872,-4.6791370432604324,-4.653806747349848,2.220446049250313e-16
128,1000000000000.0,1e-14,750000000000.0,84.35087432860433,-2.3228707202337384,0.040826094015155384,-4.6031461555286795,-1.1102230246251565e-16,-4.6791370432604324,-4.653806747349848,2.220446049250313e-16
128,1000000000000.0,1e-14,750000000000.0,253.052622985813,-2.3228707202337384,0.040826094015155384,-4.491833458076809,-2.1972245773362196,-4.679137043260433,-4.653806747349849,2.220446049250313e-16
128,1000000000000.0,1e-14,750000000000.0,843.5087432860433,-2.3228707202337384,0.040826094015155384,-4.369845508469321,-4.605170185988092,-4.679137043260433,-4.653806747349849,2.220446049250313e-16
128,1000000000000.0,1e-14,750000000000.0,500000000000.0,-2.3228707202337384,0.040826094015155384,-2.323126830897771,-45.00577752189201,-4.6791370432604324,-4.653806747349849,0.0
128,1000000000000.0,1e-14,750000000000.0,1000000000000.0,-2.3228707202337384,0.040826094015155384,-2.252896338125088,-46.3920718830119,-4.679137043260433,-4.653806747349849,2.220446049250313e-16
128,1000000000000.0,1e-14,1000000000000.0,8.435087432860433,-2.2500000000000004,-0.002896338125087436,-4.836446802588038,4.605170185988091,-4.6791370432604324,-4.653806747349848,2.220446049250313e-16
128,1000000000000.0,1e-14,1000000000000.0,25.3052622985813,-2.2500000000000004,-0.002896338125087436,-4.725134105136168,2.407945608651872,-4.6791370432604324,-4.653806747349848,2.220446049250313e-16
128,1000000000000.0,1e-14,1000000000000.0,84.35087432860433,-2.2500000000000004,-0.002896338125087436,-4.6031461555286795,-1.1102230246251565e-16,-4.6791370432604324,-4.653806747349848,2.220446049250313e-16
128,1000000000000.0,1e-14,1000000000000.0,253.052622985813,-2.2500000000000004,-0.002896338125087436,-4.491833458076809,-2.1972245773362196,-4.679137043260433,-4.653806747349849,2.220446049250313e-16
128,1000000000000.0,1e-14,1000000000000.0,843.5087432860433,-2.2500000000000004,-0.002896338125087436,-4.36984550846932,-4.605170185988092,-4.6791370432604324,-4.653806747349848,2.220446049250313e-16
128,1000000000000.0,1e-14,1000000000000.0,500000000000.0,-2.2500000000000004,-0.002896338125087436,-2.3231268308977704,-45.00577752189201,-4.6791370432604324,-4.653806747349848,2.220446049250313e-16
128,1000000000000.0,1e-14,1000000000000.0,1000000000000.0,-2.2500000000000004,-0.002896338125087436,-2.2528963381250877,-46.3920718830119,-4.6791370432604324,-4.653806747349849,0.0
128,1000000000000.0,1e-14,1250000000000.0,8.435087432860433,-2.1934770781467243,-0.036810091237053144,-4.836446802588039,4.605170185988091,-4.679137043260433,-4.653806747349849,2.220446049250313e-16
128,1000000000000.0,1e-14,1250000000000.0,25.3052622985813,-2.1934770781467243,-0.036810091237053144,-4.725134105136168,2.407945608651872,-4.6791370432604324,-4.653806747349848,2.220446049250313e-16
128,1000000000000.0,1e-14,1250000000000.0,84.35087432860433,-2.1934770781467243,-0.036810091237053144,-4.6031461555286795,-1.1102230246251565e-16,-4.6791370432604324,-4.653806747349848,2.220446049250313e-16
128,1000000000000.0,1e-14,1250000000000.0,253.052622985813,-2.1934770781467243,-0.036810091237053144,-4.491833458076809,-2.1972245773362196,-4.679137043260433,-4.653806747349849,2.220446049250313e-16
128,1000000000000.0,1e-14,1250000000000.0,843.5087432860433,-2.1934770781467243,-0.036810091237053144,-4.36984550846932,-4.605170185988092,-4.6791370432604324,-4.653806747349848,2.220446049250313e-16
128,1000000000000.0,1e-14,1250000000000.0,500000000000.0,-2.1934770781467243,-0.036810091237053144,-2.323126830897771,-45.00577752189201,-4.6791370432604324,-4.653806747349849,0.0
128,1000000000000.0,1e-14,1250000000000.0,1000000000000.0,-2.1934770781467243,-0.036810091237053144,-2.2528963381250877,-46.3920718830119,-4.6791370432604324,-4.653806747349849,0.0
128,1000000000000.0,1e-14,2000000000000.0,8.435087432860433,-2.0744237680682933,-0.10824207728411175,-4.836446802588039,4.605170185988091,-4.679137043260433,-4.653806747349849,2.220446049250313e-16
128,1000000000000.0,1e-14,2000000000000.0,25.3052622985813,-2.0744237680682933,-0.10824207728411175,-4.725134105136168,2.407945608651872,-4.6791370432604324,-4.653806747349848,2.220446049250313e-16
128,1000000000000.0,1e-14,2000000000000.0,84.35087432860433,-2.0744237680682933,-0.10824207728411175,-4.6031461555286795,-1.1102230246251565e-16,-4.6791370432604324,-4.653806747349848,2.220446049250313e-16
128,1000000000000.0,1e-14,2000000000000.0,253.052622985813,-2.0744237680682933,-0.10824207728411175,-4.491833458076809,-2.1972245773362196,-4.679137043260433,-4.653806747349849,2.220446049250313e-16
128,1000000000000.0,1e-14,2000000000000.0,843.5087432860433,-2.0744237680682933,-0.10824207728411175,-4.36984550846932,-4.605170185988092,-4.6791370432604324,-4.653806747349848,2.220446049250313e-16
128,1000000000000.0,1e-14,2000000000000.0,500000000000.0,-2.0744237680682933,-0.10824207728411175,-2.323126830897771,-45.00577752189201,-4.6791370432604324,-4.653806747349849,0.0
128,1000000000000.0,1e-14,2000000000000.0,1000000000000.0,-2.0744237680682933,-0.10824207728411175,-2.2528963381250877,-46.3920718830119,-4.6791370432604324,-4.653806747349849,0.0
128,1000000000000.0,1e-12,500000000000.0,843.5087432860433,-2.4255762319317076,0.10244940103393688,-4.36984550846932,4.605170185988091,-4.212535749141714,-4.18720545323113,2.220446049250313e-16
128,1000000000000.0,1e-12,500000000000.0,2530.5262298581297,-2.4255762319317076,0.10244940103393688,-4.25853281101745,2.407945608651872,-4.212535749141715,-4.1872054532311305,2.220446049250313e-16
128,1000000000000.0,1e-12,500000000000.0,8435.087432860433,-2.4255762319317076,0.10244940103393688,-4.136544861409962,-2.220446049250313e-16,-4.212535749141715,-4.1872054532311305,2.220446049250313e-16
128,1000000000000.0,1e-12,500000000000.0,25305.2622985813,-2.4255762319317076,0.10244940103393688,-4.025232163958091,-2.1972245773362196,-4.212535749141715,-4.18720545323113,0.0
128,1000000000000.0,1e-12,500000000000.0,84350.87432860433,-2.4255762319317076,0.10244940103393688,-3.903244214350602,-4.605170185988092,-4.212535749141715,-4.1872054532311305,2.220446049250313e-16
128,1000000000000.0,1e-12,500000000000.0,500000000000.0,-2.4255762319317076,0.10244940103393688,-2.323126830897771,-35.79543714991583,-4.212535749141715,-4.1872054532311305,2.220446049250313e-16
128,1000000000000.0,1e-12,500000000000.0,1000000000000.0,-2.4255762319317076,0.10244940103393688,-2.252896338125088,-37.181731511035714,-4.212535749141715,-4.1872054532311305,2.220446049250313e-16
128,1000000000000.0,1e-12,750000000000.0,843.5087432860433,-2.3228707202337384,0.040826094015155384,-4.369845508469321,4.605170185988091,-4.212535749141715,-4.1872054532311305,2.220446049250313e-16
128,1000000000000.0,1e-12,750000000000.0,2530.5262298581297,-2.3228707202337384,0.040826094015155384,-4.25853281101745,2.407945608651872,-4.212535749141715,-4.1872054532311305,2.220446049250313e-16
128,1000000000000.0,1e-12,750000000000.0,8435.087432860433,-2.3228707202337384,0.040826094015155384,-4.136544861409962,-2.220446049250313e-16,-4.212535749141715,-4.1872054532311305,2.220446049250313e-16
128,1000000000000.0,1e-12,750000000000.0,25305.2622985813,-2.3228707202337384,0.040826094015155384,-4.025232163958091,-2.1972245773362196,-4.212535749141715,-4.18720545323113,0.0
128,1000000000000.0,1e-12,750000000000.0,84350.87432860433,-2.3228707202337384,0.040826094015155384,-3.903244214350602,-4.605170185988092,-4.212535749141715,-4.1872054532311305,2.220446049250313e-16
128,1000000000000.0,1e-12,750000000000.0,500000000000.0,-2.3228707202337384,0.040826094015155384,-2.323126830897771,-35.79543714991583,-4.212535749141715,-4.1872054532311305,2.220446049250313e-16
128,1000000000000.0,1e-12,750000000000.0,1000000000000.0,-2.3228707202337384,0.040826094015155384,-2.252896338125088,-37.181731511035714,-4.212535749141715,-4.1872054532311305,2.220446049250313e-16
128,1000000000000.0,1e-12,1000000000000.0,843.5087432860433,-2.2500000000000004,-0.002896338125087436,-4.36984550846932,4.605170185988091,-4.212535749141714,-4.18720545323113,2.220446049250313e-16
128,1000000000000.0,1e-12,1000000000000.0,2530.5262298581297,-2.2500000000000004,-0.002896338125087436,-4.258532811017449,2.407945608651872,-4.212535749141714,-4.18720545323113,2.220446049250313e-16
128,1000000000000.0,1e-12,1000000000000.0,8435.087432860433,-2.2500000000000004,-0.002896338125087436,-4.136544861409961,-2.220446049250313e-16,-4.212535749141714,-4.18720545323113,2.220446049250313e-16
128,1000000000000.0,1e-12,1000000000000.0,25305.2622985813,-2.2500000000000004,-0.002896338125087436,-4.025232163958091,-2.1972245773362196,-4.212535749141715,-4.18720545323113,0.0
128,1000000000000.0,1e-12,1000000000000.0,84350.87432860433,-2.2500000000000004,-0.002896338125087436,-3.903244214350602,-4.605170185988092,-4.212535749141715,-4.1872054532311305,2.220446049250313e-16
128,1000000000000.0,1e-12,1000000000000.0,500000000000.0,-2.2500000000000004,-0.002896338125087436,-2.3231268308977704,-35.79543714991583,-4.212535749141715,-4.18720545323113,0.0
128,1000000000000.0,1e-12,1000000000000.0,1000000000000.0,-2.2500000000000004,-0.002896338125087436,-2.2528963381250877,-37.181731511035714,-4.212535749141715,-4.18720545323113,0.0
128,1000000000000.0,1e-12,1250000000000.0,843.5087432860433,-2.1934770781467243,-0.036810091237053144,-4.36984550846932,4.605170185988091,-4.212535749141714,-4.18720545323113,2.220446049250313e-16
128,1000000000000.0,1e-12,1250000000000.0,2530.5262298581297,-2.1934770781467243,-0.036810091237053144,-4.258532811017449,2.407945608651872,-4.212535749141714,-4.18720545323113,2.220446049250313e-16
128,1000000000000.0,1e-12,1250000000000.0,8435.087432860433,-2.1934770781467243,-0.036810091237053144,-4.136544861409961,-2.220446049250313e-16,-4.212535749141714,-4.18720545323113,2.220446049250313e-16
128,1000000000000.0,1e-12,1250000000000.0,25305.2622985813,-2.1934770781467243,-0.036810091237053144,-4.025232163958091,-2.1972245773362196,-4.212535749141715,-4.18720545323113,0.0
128,1000000000000.0,1e-12,1250000000000.0,84350.87432860433,-2.1934770781467243,-0.036810091237053144,-3.903244214350602,-4.605170185988092,-4.212535749141715,-4.1872054532311305,2.220446049250313e-16
128,1000000000000.0,1e-12,1250000000000.0,500000000000.0,-2.1934770781467243,-0.036810091237053144,-2.323126830897771,-35.79543714991583,-4.212535749141715,-4.1872054532311305,2.220446049250313e-16
128,1000000000000.0,1e-12,1250000000000.0,1000000000000.0,-2.1934770781467243,-0.036810091237053144,-2.2528963381250877,-37.181731511035714,-4.212535749141715,-4.18720545323113,0.0
128,1000000000000.0,1e-12,2000000000000.0,843.5087432860433,-2.0744237680682933,-0.10824207728411175,-4.36984550846932,4.605170185988091,-4.212535749141714,-4.18720545323113,2.220446049250313e-16
128,1000000000000.0,1e-12,2000000000000.0,2530.5262298581297,-2.0744237680682933,-0.10824207728411175,-4.25853281101745,2.407945608651872,-4.212535749141715,-4.1872054532311305,2.220446049250313e-16
128,1000000000000.0,1e-12,2000000000000.0,8435.087432860433,-2.0744237680682933,-0.10824207728411175,-4.136544861409962,-2.220446049250313e-16,-4.212535749141715,-4.1872054532311305,2.220446049250313e-16
128,1000000000000.0,1e-12,2000000000000.0,25305.2622985813,-2.0744237680682933,-0.10824207728411175,-4.025232163958091,-2.1972245773362196,-4.212535749141715,-4.18720545323113,0.0
128,1000000000000.0,1e-12,2000000000000.0,84350.87432860433,-2.0744237680682933,-0.10824207728411175,-3.903244214350602,-4.605170185988092,-4.212535749141715,-4.1872054532311305,2.220446049250313e-16
128,1000000000000.0,1e-12,2000000000000.0,500000000000.0,-2.0744237680682933,-0.10824207728411175,-2.323126830897771,-35.79543714991583,-4.212535749141715,-4.1872054532311305,2.220446049250313e-16
128,1000000000000.0,1e-12,2000000000000.0,1000000000000.0,-2.0744237680682933,-0.10824207728411175,-2.2528963381250877,-37.181731511035714,-4.212535749141715,-4.18720545323113,0.0
128,1000000000000.0,1e-06,500000000000.0,843508743.2860433,-2.4255762319317076,0.10244940103393688,-2.970041626113166,4.605170185988091,-2.81273186678556,-2.7874015708749758,2.220446049250313e-16
128,1000000000000.0,1e-06,500000000000.0,2530526229.8581295,-2.4255762319317076,0.10244940103393688,-2.8587289286612956,2.4079456086518722,-2.8127318667855605,-2.7874015708749758,2.220446049250313e-16
128,1000000000000.0,1e-06,500000000000.0,8435087432.860433,-2.4255762319317076,0.10244940103393688,-2.7367409790538066,0.0,-2.81273186678556,-2.7874015708749758,2.220446049250313e-16
128,1000000000000.0,1e-06,500000000000.0,25305262298.5813,-2.4255762319317076,0.10244940103393688,-2.6254282816019363,-2.1972245773362196,-2.81273186678556,-2.7874015708749758,2.220446049250313e-16
128,1000000000000.0,1e-06,500000000000.0,84350874328.60432,-2.4255762319317076,0.10244940103393688,-2.503440331994448,-4.605170185988091,-2.81273186678556,-2.7874015708749758,2.220446049250313e-16
128,1000000000000.0,1e-06,500000000000.0,500000000000.0,-2.4255762319317076,0.10244940103393688,-2.323126830897771,-8.164416033987276,-2.81273186678556,-2.7874015708749758,2.220446049250313e-16
128,1000000000000.0,1e-06,500000000000.0,1000000000000.0,-2.4255762319317076,0.10244940103393688,-2.252896338125088,-9.550710395107167,-2.81273186678556,-2.7874015708749758,2.220446049250313e-16
128,1000000000000.0,1e-06,750000000000.0,843508743.2860433,-2.3228707202337384,0.040826094015155384,-2.970041626113166,4.605170185988091,-2.81273186678556,-2.7874015708749758,2.220446049250313e-16
128,1000000000000.0,1e-06,750000000000.0,2530526229.8581295,-2.3228707202337384,0.040826094015155384,-2.8587289286612956,2.4079456086518722,-2.8127318667855605,-2.7874015708749758,2.220446049250313e-16
128,1000000000000.0,1e-06,750000000000.0,8435087432.860433,-2.3228707202337384,0.040826094015155384,-2.7367409790538066,0.0,-2.81273186678556,-2.7874015708749758,2.220446049250313e-16
128,1000000000000.0,1e-06,750000000000.0,25305262298.5813,-2.3228707202337384,0.040826094015155384,-2.6254282816019363,-2.1972245773362196,-2.81273186678556,-2.7874015708749758,2.220446049250313e-16
128,1000000000000.0,1e-06,750000000000.0,84350874328.60432,-2.3228707202337384,0.040826094015155384,-2.503440331994448,-4.605170185988091,-2.81273186678556,-2.7874015708749758,2.220446049250313e-16
128,1000000000000.0,1e-06,750000000000.0,500000000000.0,-2.3228707202337384,0.040826094015155384,-2.323126830897771,-8.164416033987276,-2.81273186678556,-2.7874015708749758,2.220446049250313e-16
128,1000000000000.0,1e-06,750000000000.0,1000000000000.0,-2.3228707202337384,0.040826094015155384,-2.252896338125088,-9.550710395107167,-2.81273186678556,-2.7874015708749758,2.220446049250313e-16
128,1000000000000.0,1e-06,1000000000000.0,843508743.2860433,-2.2500000000000004,-0.002896338125087436,-2.970041626113166,4.605170185988091,-2.81273186678556,-2.7874015708749758,2.220446049250313e-16
128,1000000000000.0,1e-06,1000000000000.0,2530526229.8581295,-2.2500000000000004,-0.002896338125087436,-2.858728928661295,2.4079456086518722,-2.81273186678556,-2.7874015708749753,0.0
128,1000000000000.0,1e-06,1000000000000.0,8435087432.860433,-2.2500000000000004,-0.002896338125087436,-2.7367409790538066,0.0,-2.81273186678556,-2.7874015708749758,2.220446049250313e-16
128,1000000000000.0,1e-06,1000000000000.0,25305262298.5813,-2.2500000000000004,-0.002896338125087436,-2.625428281601936,-2.1972245773362196,-2.8127318667855596,-2.7874015708749753,1.1102230246251565e-16
128,1000000000000.0,1e-06,1000000000000.0,84350874328.60432,-2.2500000000000004,-0.002896338125087436,-2.5034403319944474,-4.605170185988091,-2.8127318667855596,-2.7874015708749753,1.1102230246251565e-16
128,1000000000000.0,1e-06,1000000000000.0,500000000000.0,-2.2500000000000004,-0.002896338125087436,-2.3231268308977704,-8.164416033987276,-2.8127318667855596,-2.7874015708749753,1.1102230246251565e-16
128,1000000000000.0,1e-06,1000000000000.0,1000000000000.0,-2.2500000000000004,-0.002896338125087436,-2.2528963381250877,-9.550710395107167,-2.81273186678556,-2.7874015708749753,0.0
128,1000000000000.0,1e-06,1250000000000.0,843508743.2860433,-2.1934770781467243,-0.036810091237053144,-2.970041626113166,4.605170185988091,-2.81273186678556,-2.7874015708749758,2.220446049250313e-16
128,1000000000000.0,1e-06,1250000000000.0,2530526229.8581295,-2.1934770781467243,-0.036810091237053144,-2.858728928661295,2.4079456086518722,-2.81273186678556,-2.7874015708749753,0.0
128,1000000000000.0,1e-06,1250000000000.0,8435087432.860433,-2.1934770781467243,-0.036810091237053144,-2.7367409790538066,0.0,-2.81273186678556,-2.7874015708749758,2.220446049250313e-16
128,1000000000000.0,1e-06,1250000000000.0,25305262298.5813,-2.1934770781467243,-0.036810091237053144,-2.625428281601936,-2.1972245773362196,-2.8127318667855596,-2.7874015708749753,1.1102230246251565e-16
128,1000000000000.0,1e-06,1250000000000.0,84350874328.60432,-2.1934770781467243,-0.036810091237053144,-2.5034403319944474,-4.605170185988091,-2.8127318667855596,-2.7874015708749753,1.1102230246251565e-16
128,1000000000000.0,1e-06,1250000000000.0,500000000000.0,-2.1934770781467243,-0.036810091237053144,-2.323126830897771,-8.164416033987276,-2.81273186678556,-2.7874015708749758,2.220446049250313e-16
128,1000000000000.0,1e-06,1250000000000.0,1000000000000.0,-2.1934770781467243,-0.036810091237053144,-2.2528963381250877,-9.550710395107167,-2.81273186678556,-2.7874015708749753,0.0
128,1000000000000.0,1e-06,2000000000000.0,843508743.2860433,-2.0744237680682933,-0.10824207728411175,-2.970041626113166,4.605170185988091,-2.81273186678556,-2.7874015708749758,2.220446049250313e-16
128,1000000000000.0,1e-06,2000000000000.0,2530526229.8581295,-2.0744237680682933,-0.10824207728411175,-2.8587289286612956,2.4079456086518722,-2.8127318667855605,-2.7874015708749758,2.220446049250313e-16
128,1000000000000.0,1e-06,2000000000000.0,8435087432.860433,-2.0744237680682933,-0.10824207728411175,-2.7367409790538066,0.0,-2.81273186678556,-2.7874015708749758,2.220446049250313e-16
128,1000000000000.0,1e-06,2000000000000.0,25305262298.5813,-2.0744237680682933,-0.10824207728411175,-2.6254282816019363,-2.1972245773362196,-2.81273186678556,-2.7874015708749758,2.220446049250313e-16
128,1000000000000.0,1e-06,2000000000000.0,84350874328.60432,-2.0744237680682933,-0.10824207728411175,-2.503440331994448,-4.605170185988091,-2.81273186678556,-2.7874015708749758,2.220446049250313e-16
128,1000000000000.0,1e-06,2000000000000.0,500000000000.0,-2.0744237680682933,-0.10824207728411175,-2.323126830897771,-8.164416033987276,-2.81273186678556,-2.7874015708749758,2.220446049250313e-16
128,1000000000000.0,1e-06,2000000000000.0,1000000000000.0,-2.0744237680682933,-0.10824207728411175,-2.2528963381250877,-9.550710395107167,-2.81273186678556,-2.7874015708749753,0.0
127,2000000000000.0,1e-17,1000000000000.0,0.004217543716430217,-2.425576231931707,0.10244940103393688,-5.676809729311481,4.605170185988091,-5.519499969983875,-5.494169674073291,1.1102230246251565e-16
127,2000000000000.0,1e-17,1000000000000.0,0.012652631149290649,-2.425576231931707,0.10244940103393688,-5.565497031859611,2.4079456086518722,-5.519499969983875,-5.494169674073291,1.1102230246251565e-16
127,2000000000000.0,1e-17,1000000000000.0,0.042175437164302165,-2.425576231931707,0.10244940103393688,-5.443509082252122,2.2204460492503128e-16,-5.519499969983875,-5.494169674073291,1.1102230246251565e-16
127,2000000000000.0,1e-17,1000000000000.0,0.1265263114929065,-2.425576231931707,0.10244940103393688,-5.332196384800252,-2.197224577336219,-5.519499969983876,-5.494169674073291,0.0
127,2000000000000.0,1e-17,1000000000000.0,0.42175437164302165,-2.425576231931707,0.10244940103393688,-5.210208435192763,-4.605170185988091,-5.519499969983876,-5.494169674073292,2.220446049250313e-16
127,2000000000000.0,1e-17,1000000000000.0,1000000000000.0,-2.425576231931707,0.10244940103393688,-2.3231268308977704,-61.59387680209606,-5.519499969983876,-5.494169674073291,0.0
127,2000000000000.0,1e-17,1000000000000.0,2000000000000.0,-2.425576231931707,0.10244940103393688,-2.2528963381250877,-62.98017116321596,-5.519499969983876,-5.494169674073292,2.220446049250313e-16
127,2000000000000.0,1e-17,1500000000000.0,0.004217543716430217,-2.322870720233738,0.040826094015155384,-5.676809729311481,4.605170185988091,-5.519499969983875,-5.494169674073291,1.1102230246251565e-16
127,2000000000000.0,1e-17,1500000000000.0,0.012652631149290649,-2.322870720233738,0.040826094015155384,-5.565497031859611,2.4079456086518722,-5.519499969983875,-5.494169674073291,1.1102230246251565e-16
127,2000000000000.0,1e-17,1500000000000.0,0.042175437164302165,-2.322870720233738,0.040826094015155384,-5.443509082252122,2.2204460492503128e-16,-5.519499969983875,-5.494169674073291,1.1102230246251565e-16
127,2000000000000.0,1e-17,1500000000000.0,0.1265263114929065,-2.322870720233738,0.040826094015155384,-5.332196384800252,-2.197224577336219,-5.519499969983876,-5.494169674073291,0.0
127,2000000000000.0,1e-17,1500000000000.0,0.42175437164302165,-2.322870720233738,0.040826094015155384,-5.210208435192763,-4.605170185988091,-5.519499969983876,-5.494169674073292,2.220446049250313e-16
127,2000000000000.0,1e-17,1500000000000.0,1000000000000.0,-2.322870720233738,0.040826094015155384,-2.3231268308977704,-61.59387680209606,-5.519499969983876,-5.494169674073291,0.0
127,2000000000000.0,1e-17,1500000000000.0,2000000000000.0,-2.322870720233738,0.040826094015155384,-2.2528963381250877,-62.98017116321596,-5.519499969983876,-5.494169674073292,2.220446049250313e-16
127,2000000000000.0,1e-17,2000000000000.0,0.004217543716430217,-2.25,-0.0028963381250874352,-5.676809729311481,4.605170185988091,-5.519499969983875,-5.494169674073291,1.1102230246251565e-16
127,2000000000000.0,1e-17,2000000000000.0,0.012652631149290649,-2.25,-0.0028963381250874352,-5.565497031859611,2.4079456086518722,-5.519499969983875,-5.494169674073291,1.1102230246251565e-16
127,2000000000000.0,1e-17,2000000000000.0,0.042175437164302165,-2.25,-0.0028963381250874352,-5.443509082252122,2.2204460492503128e-16,-5.519499969983875,-5.494169674073291,1.1102230246251565e-16
127,2000000000000.0,1e-17,2000000000000.0,0.1265263114929065,-2.25,-0.0028963381250874352,-5.332196384800252,-2.197224577336219,-5.519499969983876,-5.494169674073291,0.0
127,2000000000000.0,1e-17,2000000000000.0,0.42175437164302165,-2.25,-0.0028963381250874352,-5.210208435192763,-4.605170185988091,-5.519499969983876,-5.494169674073292,2.220446049250313e-16
127,2000000000000.0,1e-17,2000000000000.0,1000000000000.0,-2.25,-0.0028963381250874352,-2.32312683089777,-61.59387680209606,-5.519499969983875,-5.494169674073291,1.1102230246251565e-16
127,2000000000000.0,1e-17,2000000000000.0,2000000000000.0,-2.25,-0.0028963381250874352,-2.2528963381250873,-62.98017116321596,-5.519499969983876,-5.494169674073291,0.0
127,2000000000000.0,1e-17,2500000000000.0,0.004217543716430217,-2.193477078146724,-0.036810091237053144,-5.676809729311481,4.605170185988091,-5.519499969983875,-5.494169674073291,1.1102230246251565e-16
127,2000000000000.0,1e-17,2500000000000.0,0.012652631149290649,-2.193477078146724,-0.036810091237053144,-5.565497031859611,2.4079456086518722,-5.519499969983875,-5.494169674073291,1.1102230246251565e-16
127,2000000000000.0,1e-17,2500000000000.0,0.042175437164302165,-2.193477078146724,-0.036810091237053144,-5.443509082252122,2.2204460492503128e-16,-5.519499969983875,-5.494169674073291,1.1102230246251565e-16
127,2000000000000.0,1e-17,2500000000000.0,0.1265263114929065,-2.193477078146724,-0.036810091237053144,-5.332196384800252,-2.197224577336219,-5.519499969983876,-5.494169674073291,0.0
127,2000000000000.0,1e-17,2500000000000.0,0.42175437164302165,-2.193477078146724,-0.036810091237053144,-5.210208435192763,-4.605170185988091,-5.519499969983876,-5.494169674073292,2.220446049250313e-16
127,2000000000000.0,1e-17,2500000000000.0,1000000000000.0,-2.193477078146724,-0.036810091237053144,-2.3231268308977704,-61.59387680209606,-5.519499969983876,-5.494169674073291,0.0
127,2000000000000.0,1e-17,2500000000000.0,2000000000000.0,-2.193477078146724,-0.036810091237053144,-2.2528963381250873,-62.98017116321596,-5.519499969983876,-5.494169674073291,0.0
127,2000000000000.0,1e-17,4000000000000.0,0.004217543716430217,-2.074423768068293,-0.10824207728411175,-5.676809729311481,4.605170185988091,-5.519499969983875,-5.494169674073291,1.1102230246251565e-16
127,2000000000000.0,1e-17,4000000000000.0,0.012652631149290649,-2.074423768068293,-0.10824207728411175,-5.565497031859611,2.4079456086518722,-5.519499969983875,-5.494169674073291,1.1102230246251565e-16
127,2000000000000.0,1e-17,4000000000000.0,0.042175437164302165,-2.074423768068293,-0.10824207728411175,-5.443509082252122,2.2204460492503128e-16,-5.519499969983875,-5.494169674073291,1.1102230246251565e-16
127,2000000000000.0,1e-17,4000000000000.0,0.1265263114929065,-2.074423768068293,-0.10824207728411175,-5.332196384800252,-2.197224577336219,-5.519499969983876,-5.494169674073291,0.0
127,2000000000000.0,1e-17,4000000000000.0,0.42175437164302165,-2.074423768068293,-0.10824207728411175,-5.210208435192763,-4.605170185988091,-5.519499969983876,-5.494169674073292,2.220446049250313e-16
127,2000000000000.0,1e-17,4000000000000.0,1000000000000.0,-2.074423768068293,-0.10824207728411175,-2.3231268308977704,-61.59387680209606,-5.519499969983876,-5.494169674073291,0.0
127,2000000000000.0,1e-17,4000000000000.0,2000000000000.0,-2.074423768068293,-0.10824207728411175,-2.2528963381250873,-62.98017116321596,-5.519499969983876,-5.494169674073291,0.0
127,2000000000000.0,1e-15,1000000000000.0,0.42175437164302165,-2.425576231931707,0.10244940103393688,-5.210208435192763,4.605170185988092,-5.0528986758651575,-5.027568379954573,2.220446049250313e-16
127,2000000000000.0,1e-15,1000000000000.0,1.265263114929065,-2.425576231931707,0.10244940103393688,-5.098895737740893,2.4079456086518722,-5.0528986758651575,-5.027568379954573,2.220446049250313e-16
127,2000000000000.0,1e-15,1000000000000.0,4.2175437164302165,-2.425576231931707,0.10244940103393688,-4.9769077881334045,0.0,-5.0528986758651575,-5.027568379954573,2.220446049250313e-16
127,2000000000000.0,1e-15,1000000000000.0,12.652631149290649,-2.425576231931707,0.10244940103393688,-4.865595090681533,-2.197224577336219,-5.0528986758651575,-5.027568379954572,2.220446049250313e-16
127,2000000000000.0,1e-15,1000000000000.0,42.17543716430217,-2.425576231931707,0.10244940103393688,-4.743607141074045,-4.605170185988091,-5.0528986758651575,-5.027568379954573,2.220446049250313e-16
127,2000000000000.0,1e-15,1000000000000.0,1000000000000.0,-2.425576231931707,0.10244940103393688,-2.3231268308977704,-52.38353643011988,-5.0528986758651575,-5.027568379954573,2.220446049250313e-16
127,2000000000000.0,1e-15,1000000000000.0,2000000000000.0,-2.425576231931707,0.10244940103393688,-2.2528963381250877,-53.76983079123977,-5.0528986758651575,-5.027568379954573,2.220446049250313e-16
127,2000000000000.0,1e-15,1500000000000.0,0.42175437164302165,-2.322870720233738,0.040826094015155384,-5.210208435192763,4.605170185988092,-5.0528986758651575,-5.027568379954573,2.220446049250313e-16
127,2000000000000.0,1e-15,1500000000000.0,1.265263114929065,-2.322870720233738,0.040826094015155384,-5.098895737740893,2.4079456086518722,-5.0528986758651575,-5.027568379954573,2.220446049250313e-16
127,2000000000000.0,1e-15,1500000000000.0,4.2175437164302165,-2.322870720233738,0.040826094015155384,-4.9769077881334045,0.0,-5.0528986758651575,-5.027568379954573,2.220446049250313e-16
127,2000000000000.0,1e-15,1500000000000.0,12.652631149290649,-2.322870720233738,0.040826094015155384,-4.865595090681533,-2.197224577336219,-5.0528986758651575,-5.027568379954572,2.220446049250313e-16
127,2000000000000.0,1e-15,1500000000000.0,42.17543716430217,-2.322870720233738,0.040826094015155384,-4.743607141074045,-4.605170185988091,-5.0528986758651575,-5.027568379954573,2.220446049250313e-16
127,2000000000000.0,1e-15,1500000000000.0,1000000000000.0,-2.322870720233738,0.040826094015155384,-2.3231268308977704,-52.38353643011988,-5.0528986758651575,-5.027568379954573,2.220446049250313e-16
127,2000000000000.0,1e-15,1500000000000.0,2000000000000.0,-2.322870720233738,0.040826094015155384,-2.2528963381250877,-53.76983079123977,-5.0528986758651575,-5.027568379954573,2.220446049250313e-16
127,2000000000000.0,1e-15,2000000000000.0,0.42175437164302165,-2.25,-0.0028963381250874352,-5.210208435192763,4.605170185988092,-5.0528986758651575,-5.027568379954573,2.220446049250313e-16
127,2000000000000.0,1e-15,2000000000000.0,1.265263114929065,-2.25,-0.0028963381250874352,-5.098895737740892,2.4079456086518722,-5.052898675865157,-5.027568379954572,2.220446049250313e-16
127,2000000000000.0,1e-15,2000000000000.0,4.2175437164302165,-2.25,-0.0028963381250874352,-4.976907788133404,0.0,-5.052898675865157,-5.027568379954572,2.220446049250313e-16
127,2000000000000.0,1e-15,2000000000000.0,12.652631149290649,-2.25,-0.0028963381250874352,-4.865595090681533,-2.197224577336219,-5.0528986758651575,-5.027568379954572,2.220446049250313e-16
127,2000000000000.0,1e-15,2000000000000.0,42.17543716430217,-2.25,-0.0028963381250874352,-4.743607141074045,-4.605170185988091,-5.0528986758651575,-5.027568379954573,2.220446049250313e-16
127,2000000000000.0,1e-15,2000000000000.0,1000000000000.0,-2.25,-0.0028963381250874352,-2.32312683089777,-52.38353643011988,-5.052898675865157,-5.027568379954573,0.0
127,2000000000000.0,1e-15,2000000000000.0,2000000000000.0,-2.25,-0.0028963381250874352,-2.2528963381250873,-53.76983079123977,-5.052898675865157,-5.027568379954573,0.0
127,2000000000000.0,1e-15,2500000000000.0,0.42175437164302165,-2.193477078146724,-0.036810091237053144,-5.210208435192763,4.605170185988092,-5.0528986758651575,-5.027568379954573,2.220446049250313e-16
127,2000000000000.0,1e-15,2500000000000.0,1.265263114929065,-2.193477078146724,-0.036810091237053144,-5.098895737740893,2.4079456086518722,-5.0528986758651575,-5.027568379954573,2.220446049250313e-16
127,2000000000000.0,1e-15,2500000000000.0,4.2175437164302165,-2.193477078146724,-0.036810091237053144,-4.976907788133404,0.0,-5.052898675865157,-5.027568379954572,2.220446049250313e-16
127,2000000000000.0,1e-15,2500000000000.0,12.652631149290649,-2.193477078146724,-0.036810091237053144,-4.865595090681533,-2.197224577336219,-5.0528986758651575,-5.027568379954572,2.220446049250313e-16
127,2000000000000.0,1e-15,2500000000000.0,42.17543716430217,-2.193477078146724,-0.036810091237053144,-4.743607141074045,-4.605170185988091,-5.0528986758651575,-5.027568379954573,2.220446049250313e-16
127,2000000000000.0,1e-15,2500000000000.0,1000000000000.0,-2.193477078146724,-0.036810091237053144,-2.3231268308977704,-52.38353643011988,-5.0528986758651575,-5.027568379954573,2.220446049250313e-16
127,2000000000000.0,1e-15,2500000000000.0,2000000000000.0,-2.193477078146724,-0.036810091237053144,-2.2528963381250873,-53.76983079123977,-5.052898675865157,-5.027568379954573,0.0
127,2000000000000.0,1e-15,4000000000000.0,0.42175437164302165,-2.074423768068293,-0.10824207728411175,-5.210208435192763,4.605170185988092,-5.0528986758651575,-5.027568379954573,2.220446049250313e-16
127,2000000000000.0,1e-15,4000000000000.0,1.265263114929065,-2.074423768068293,-0.10824207728411175,-5.098895737740893,2.4079456086518722,-5.0528986758651575,-5.027568379954573,2.220446049250313e-16
127,2000000000000.0,1e-15,4000000000000.0,4.2175437164302165,-2.074423768068293,-0.10824207728411175,-4.9769077881334045,0.0,-5.0528986758651575,-5.027568379954573,2.220446049250313e-16
127,2000000000000.0,1e-15,4000000000000.0,12.652631149290649,-2.074423768068293,-0.10824207728411175,-4.865595090681533,-2.197224577336219,-5.0528986758651575,-5.027568379954572,2.220446049250313e-16
127,2000000000000.0,1e-15,4000000000000.0,42.17543716430217,-2.074423768068293,-0.10824207728411175,-4.743607141074045,-4.605170185988091,-5.0528986758651575,-5.027568379954573,2.220446049250313e-16
127,2000000000000.0,1e-15,4000000000000.0,1000000000000.0,-2.074423768068293,-0.10824207728411175,-2.3231268308977704,-52.38353643011988,-5.0528986758651575,-5.027568379954573,2.220446049250313e-16
127,2000000000000.0,1e-15,4000000000000.0,2000000000000.0,-2.074423768068293,-0.10824207728411175,-2.2528963381250873,-53.76983079123977,-5.052898675865157,-5.027568379954573,0.0
127,2000000000000.0,1e-14,1000000000000.0,4.2175437164302165,-2.425576231931707,0.10244940103393688,-4.9769077881334045,4.605170185988091,-4.819598028805799,-4.794267732895214,2.220446049250313e-16
127,2000000000000.0,1e-14,1000000000000.0,12.65263114929065,-2.425576231931707,0.10244940103393688,-4.865595090681533,2.407945608651872,-4.819598028805798,-4.7942677328952135,2.220446049250313e-16
127,2000000000000.0,1e-14,1000000000000.0,42.17543716430217,-2.425576231931707,0.10244940103393688,-4.743607141074045,-1.1102230246251565e-16,-4.819598028805798,-4.7942677328952135,2.220446049250313e-16
127,2000000000000.0,1e-14,1000000000000.0,126.5263114929065,-2.425576231931707,0.10244940103393688,-4.6322944436221745,-2.1972245773362196,-4.819598028805799,-4.794267732895214,2.220446049250313e-16
127,2000000000000.0,1e-14,1000000000000.0,421.75437164302167,-2.425576231931707,0.10244940103393688,-4.510306494014685,-4.605170185988092,-4.819598028805798,-4.7942677328952135,2.220446049250313e-16
127,2000000000000.0,1e-14,1000000000000.0,1000000000000.0,-2.425576231931707,0.10244940103393688,-2.3231268308977704,-47.77836624413179,-4.819598028805798,-4.794267732895214,0.0
127,2000000000000.0,1e-14,1000000000000.0,2000000000000.0,-2.425576231931707,0.10244940103393688,-2.2528963381250877,-49.16466060525168,-4.819598028805799,-4.794267732895214,2.220446049250313e-16
127,2000000000000.0,1e-14,1500000000000.0,4.2175437164302165,-2.322870720233738,0.040826094015155384,-4.9769077881334045,4.605170185988091,-4.819598028805799,-4.794267732895214,2.220446049250313e-16
127,2000000000000.0,1e-14,1500000000000.0,12.65263114929065,-2.322870720233738,0.040826094015155384,-4.865595090681533,2.407945608651872,-4.819598028805798,-4.7942677328952135,2.220446049250313e-16
127,2000000000000.0,1e-14,1500000000000.0,42.17543716430217,-2.322870720233738,0.040826094015155384,-4.743607141074045,-1.1102230246251565e-16,-4.819598028805798,-4.7942677328952135,2.220446049250313e-16
127,2000000000000.0,1e-14,1500000000000.0,126.5263114929065,-2.322870720233738,0.040826094015155384,-4.6322944436221745,-2.1972245773362196,-4.819598028805799,-4.794267732895214,2.220446049250313e-16
127,2000000000000.0,1e-14,1500000000000.0,421.75437164302167,-2.322870720233738,0.040826094015155384,-4.510306494014686,-4.605170185988092,-4.819598028805799,-4.794267732895214,2.220446049250313e-16
127,2000000000000.0,1e-14,1500000000000.0,1000000000000.0,-2.322870720233738,0.040826094015155384,-2.3231268308977704,-47.77836624413179,-4.819598028805798,-4.794267732895214,0.0
127,2000000000000.0,1e-14,1500000000000.0,2000000000000.0,-2.322870720233738,0.040826094015155384,-2.2528963381250877,-49.16466060525168,-4.819598028805799,-4.794267732895214,2.220446049250313e-16
127,2000000000000.0,1e-14,2000000000000.0,4.2175437164302165,-2.25,-0.0028963381250874352,-4.976907788133404,4.605170185988091,-4.819598028805798,-4.7942677328952135,2.220446049250313e-16
127,2000000000000.0,1e-14,2000000000000.0,12.65263114929065,-2.25,-0.0028963381250874352,-4.865595090681533,2.407945608651872,-4.819598028805798,-4.7942677328952135,2.220446049250313e-16
127,2000000000000.0,1e-14,2000000000000.0,42.17543716430217,-2.25,-0.0028963381250874352,-4.743607141074045,-1.1102230246251565e-16,-4.819598028805798,-4.7942677328952135,2.220446049250313e-16
127,2000000000000.0,1e-14,2000000000000.0,126.5263114929065,-2.25,-0.0028963381250874352,-4.632294443622174,-2.1972245773362196,-4.819598028805798,-4.794267732895213,3.3306690738754696e-16
127,2000000000000.0,1e-14,2000000000000.0,421.75437164302167,-2.25,-0.0028963381250874352,-4.510306494014685,-4.605170185988092,-4.819598028805798,-4.7942677328952135,2.220446049250313e-16
127,2000000000000.0,1e-14,2000000000000.0,1000000000000.0,-2.25,-0.0028963381250874352,-2.32312683089777,-47.77836624413179,-4.819598028805798,-4.7942677328952135,2.220446049250313e-16
127,2000000000000.0,1e-14,2000000000000.0,2000000000000.0,-2.25,-0.0028963381250874352,-2.2528963381250873,-49.16466060525168,-4.819598028805798,-4.794267732895214,0.0
127,2000000000000.0,1e-14,2500000000000.0,4.2175437164302165,-2.193477078146724,-0.036810091237053144,-4.976907788133404,4.605170185988091,-4.819598028805798,-4.7942677328952135,2.220446049250313e-16
127,2000000000000.0,1e-14,2500000000000.0,12.65263114929065,-2.193477078146724,-0.036810091237053144,-4.865595090681533,2.407945608651872,-4.819598028805798,-4.7942677328952135,2.220446049250313e-16
127,2000000000000.0,1e-14,2500000000000.0,42.17543716430217,-2.193477078146724,-0.036810091237053144,-4.743607141074045,-1.1102230246251565e-16,-4.819598028805798,-4.7942677328952135,2.220446049250313e-16
127,2000000000000.0,1e-14,2500000000000.0,126.5263114929065,-2.193477078146724,-0.036810091237053144,-4.6322944436221745,-2.1972245773362196,-4.819598028805799,-4.794267732895214,2.220446049250313e-16
127,2000000000000.0,1e-14,2500000000000.0,421.75437164302167,-2.193477078146724,-0.036810091237053144,-4.510306494014685,-4.605170185988092,-4.819598028805798,-4.7942677328952135,2.220446049250313e-16
127,2000000000000.0,1e-14,2500000000000.0,1000000000000.0,-2.193477078146724,-0.036810091237053144,-2.3231268308977704,-47.77836624413179,-4.819598028805798,-4.794267732895214,0.0
127,2000000000000.0,1e-14,2500000000000.0,2000000000000.0,-2.193477078146724,-0.036810091237053144,-2.2528963381250873,-49.16466060525168,-4.819598028805798,-4.794267732895214,0.0
127,2000000000000.0,1e-14,4000000000000.0,4.2175437164302165,-2.074423768068293,-0.10824207728411175,-4.9769077881334045,4.605170185988091,-4.819598028805799,-4.794267732895214,2.220446049250313e-16
127,2000000000000.0,1e-14,4000000000000.0,12.65263114929065,-2.074423768068293,-0.10824207728411175,-4.865595090681533,2.407945608651872,-4.819598028805798,-4.7942677328952135,2.220446049250313e-16
127,2000000000000.0,1e-14,4000000000000.0,42.17543716430217,-2.074423768068293,-0.10824207728411175,-4.743607141074045,-1.1102230246251565e-16,-4.819598028805798,-4.7942677328952135,2.220446049250313e-16
127,2000000000000.0,1e-14,4000000000000.0,126.5263114929065,-2.074423768068293,-0.10824207728411175,-4.6322944436221745,-2.1972245773362196,-4.819598028805799,-4.794267732895214,2.220446049250313e-16
127,2000000000000.0,1e-14,4000000000000.0,421.75437164302167,-2.074423768068293,-0.10824207728411175,-4.510306494014685,-4.605170185988092,-4.819598028805798,-4.7942677328952135,2.220446049250313e-16
127,2000000000000.0,1e-14,4000000000000.0,1000000000000.0,-2.074423768068293,-0.10824207728411175,-2.3231268308977704,-47.77836624413179,-4.819598028805798,-4.794267732895214,0.0
127,2000000000000.0,1e-14,4000000000000.0,2000000000000.0,-2.074423768068293,-0.10824207728411175,-2.2528963381250873,-49.16466060525168,-4.819598028805798,-4.794267732895214,0.0
127,2000000000000.0,1e-12,1000000000000.0,421.75437164302167,-2.425576231931707,0.10244940103393688,-4.510306494014685,4.605170185988091,-4.352996734687079,-4.327666438776495,2.220446049250313e-16
127,2000000000000.0,1e-12,1000000000000.0,1265.2631149290648,-2.425576231931707,0.10244940103393688,-4.398993796562816,2.407945608651872,-4.35299673468708,-4.327666438776496,2.220446049250313e-16
127,2000000000000.0,1e-12,1000000000000.0,4217.543716430217,-2.425576231931707,0.10244940103393688,-4.277005846955327,-2.220446049250313e-16,-4.35299673468708,-4.327666438776496,2.220446049250313e-16
127,2000000000000.0,1e-12,1000000000000.0,12652.63114929065,-2.425576231931707,0.10244940103393688,-4.165693149503456,-2.1972245773362196,-4.35299673468708,-4.327666438776495,0.0
127,2000000000000.0,1e-12,1000000000000.0,42175.437164302166,-2.425576231931707,0.10244940103393688,-4.043705199895967,-4.605170185988092,-4.35299673468708,-4.327666438776496,2.220446049250313e-16
127,2000000000000.0,1e-12,1000000000000.0,1000000000000.0,-2.425576231931707,0.10244940103393688,-2.3231268308977704,-38.56802587215561,-4.35299673468708,-4.327666438776496,2.220446049250313e-16
127,2000000000000.0,1e-12,1000000000000.0,2000000000000.0,-2.425576231931707,0.10244940103393688,-2.2528963381250877,-39.954320233275496,-4.35299673468708,-4.327666438776496,2.220446049250313e-16
127,2000000000000.0,1e-12,1500000000000.0,421.75437164302167,-2.322870720233738,0.040826094015155384,-4.510306494014686,4.605170185988091,-4.35299673468708,-4.327666438776496,2.220446049250313e-16
127,2000000000000.0,1e-12,1500000000000.0,1265.2631149290648,-2.322870720233738,0.040826094015155384,-4.398993796562815,2.407945608651872,-4.352996734687079,-4.327666438776495,2.220446049250313e-16
127,2000000000000.0,1e-12,1500000000000.0,4217.543716430217,-2.322870720233738,0.040826094015155384,-4.277005846955326,-2.220446049250313e-16,-4.352996734687079,-4.327666438776495,2.220446049250313e-16
127,2000000000000.0,1e-12,1500000000000.0,12652.63114929065,-2.322870720233738,0.040826094015155384,-4.165693149503456,-2.1972245773362196,-4.35299673468708,-4.327666438776495,0.0
127,2000000000000.0,1e-12,1500000000000.0,42175.437164302166,-2.322870720233738,0.040826094015155384,-4.043705199895967,-4.605170185988092,-4.35299673468708,-4.327666438776496,2.220446049250313e-16
127,2000000000000.0,1e-12,1500000000000.0,1000000000000.0,-2.322870720233738,0.040826094015155384,-2.3231268308977704,-38.56802587215561,-4.35299673468708,-4.327666438776496,2.220446049250313e-16
127,2000000000000.0,1e-12,1500000000000.0,2000000000000.0,-2.322870720233738,0.040826094015155384,-2.2528963381250877,-39.954320233275496,-4.35299673468708,-4.327666438776496,2.220446049250313e-16
127,2000000000000.0,1e-12,2000000000000.0,421.75437164302167,-2.25,-0.0028963381250874352,-4.510306494014685,4.605170185988091,-4.352996734687079,-4.327666438776495,2.220446049250313e-16
127,2000000000000.0,1e-12,2000000000000.0,1265.2631149290648,-2.25,-0.0028963381250874352,-4.398993796562815,2.407945608651872,-4.352996734687079,-4.327666438776495,2.220446049250313e-16
127,2000000000000.0,1e-12,2000000000000.0,4217.543716430217,-2.25,-0.0028963381250874352,-4.277005846955326,-2.220446049250313e-16,-4.352996734687079,-4.327666438776495,2.220446049250313e-16
127,2000000000000.0,1e-12,2000000000000.0,12652.63114929065,-2.25,-0.0028963381250874352,-4.165693149503456,-2.1972245773362196,-4.35299673468708,-4.327666438776495,0.0
127,2000000000000.0,1e-12,2000000000000.0,42175.437164302166,-2.25,-0.0028963381250874352,-4.043705199895967,-4.605170185988092,-4.35299673468708,-4.327666438776496,2.220446049250313e-16
127,2000000000000.0,1e-12,2000000000000.0,1000000000000.0,-2.25,-0.0028963381250874352,-2.32312683089777,-38.56802587215561,-4.35299673468708,-4.327666438776495,0.0
127,2000000000000.0,1e-12,2000000000000.0,2000000000000.0,-2.25,-0.0028963381250874352,-2.2528963381250873,-39.954320233275496,-4.35299673468708,-4.327666438776495,0.0
127,2000000000000.0,1e-12,2500000000000.0,421.75437164302167,-2.193477078146724,-0.036810091237053144,-4.510306494014685,4.605170185988091,-4.352996734687079,-4.327666438776495,2.220446049250313e-16
127,2000000000000.0,1e-12,2500000000000.0,1265.2631149290648,-2.193477078146724,-0.036810091237053144,-4.398993796562815,2.407945608651872,-4.352996734687079,-4.327666438776495,2.220446049250313e-16
127,2000000000000.0,1e-12,2500000000000.0,4217.543716430217,-2.193477078146724,-0.036810091237053144,-4.277005846955326,-2.220446049250313e-16,-4.352996734687079,-4.327666438776495,2.220446049250313e-16
127,2000000000000.0,1e-12,2500000000000.0,12652.63114929065,-2.193477078146724,-0.036810091237053144,-4.165693149503456,-2.1972245773362196,-4.35299673468708,-4.327666438776495,0.0
127,2000000000000.0,1e-12,2500000000000.0,42175.437164302166,-2.193477078146724,-0.036810091237053144,-4.043705199895967,-4.605170185988092,-4.35299673468708,-4.327666438776496,2.220446049250313e-16
127,2000000000000.0,1e-12,2500000000000.0,1000000000000.0,-2.193477078146724,-0.036810091237053144,-2.3231268308977704,-38.56802587215561,-4.35299673468708,-4.327666438776496,2.220446049250313e-16
127,2000000000000.0,1e-12,2500000000000.0,2000000000000.0,-2.193477078146724,-0.036810091237053144,-2.2528963381250873,-39.954320233275496,-4.35299673468708,-4.327666438776495,0.0
127,2000000000000.0,1e-12,4000000000000.0,421.75437164302167,-2.074423768068293,-0.10824207728411175,-4.510306494014685,4.605170185988091,-4.352996734687079,-4.327666438776495,2.220446049250313e-16
127,2000000000000.0,1e-12,4000000000000.0,1265.2631149290648,-2.074423768068293,-0.10824207728411175,-4.398993796562815,2.407945608651872,-4.352996734687079,-4.327666438776495,2.220446049250313e-16
127,2000000000000.0,1e-12,4000000000000.0,4217.543716430217,-2.074423768068293,-0.10824207728411175,-4.277005846955326,-2.220446049250313e-16,-4.352996734687079,-4.327666438776495,2.220446049250313e-16
127,2000000000000.0,1e-12,4000000000000.0,12652.63114929065,-2.074423768068293,-0.10824207728411175,-4.165693149503456,-2.1972245773362196,-4.35299673468708,-4.327666438776495,0.0
127,2000000000000.0,1e-12,4000000000000.0,42175.437164302166,-2.074423768068293,-0.10824207728411175,-4.043705199895967,-4.605170185988092,-4.35299673468708,-4.327666438776496,2.220446049250313e-16
127,2000000000000.0,1e-12,4000000000000.0,1000000000000.0,-2.074423768068293,-0.10824207728411175,-2.3231268308977704,-38.56802587215561,-4.35299673468708,-4.327666438776496,2.220446049250313e-16
127,2000000000000.0,1e-12,4000000000000.0,2000000000000.0,-2.074423768068293,-0.10824207728411175,-2.2528963381250873,-39.954320233275496,-4.35299673468708,-4.327666438776495,0.0
127,2000000000000.0,1e-06,1000000000000.0,421754371.64302164,-2.425576231931707,0.10244940103393688,-3.1105026116585313,4.605170185988091,-2.9531928523309254,-2.927862556420341,2.220446049250313e-16
127,2000000000000.0,1e-06,1000000000000.0,1265263114.9290648,-2.425576231931707,0.10244940103393688,-2.999189914206661,2.4079456086518722,-2.953192852330926,-2.927862556420341,2.220446049250313e-16
127,2000000000000.0,1e-06,1000000000000.0,4217543716.4302163,-2.425576231931707,0.10244940103393688,-2.877201964599172,0.0,-2.9531928523309254,-2.927862556420341,2.220446049250313e-16
127,2000000000000.0,1e-06,1000000000000.0,12652631149.29065,-2.425576231931707,0.10244940103393688,-2.7658892671473017,-2.1972245773362196,-2.9531928523309254,-2.927862556420341,2.220446049250313e-16
127,2000000000000.0,1e-06,1000000000000.0,42175437164.30216,-2.425576231931707,0.10244940103393688,-2.643901317539813,-4.605170185988091,-2.9531928523309254,-2.927862556420341,2.220446049250313e-16
127,2000000000000.0,1e-06,1000000000000.0,1000000000000.0,-2.425576231931707,0.10244940103393688,-2.3231268308977704,-10.937004756227058,-2.9531928523309254,-2.927862556420341,2.220446049250313e-16
127,2000000000000.0,1e-06,1000000000000.0,2000000000000.0,-2.425576231931707,0.10244940103393688,-2.2528963381250877,-12.323299117346949,-2.9531928523309254,-2.927862556420341,2.220446049250313e-16
127,2000000000000.0,1e-06,1500000000000.0,421754371.64302164,-2.322870720233738,0.040826094015155384,-3.1105026116585313,4.605170185988091,-2.9531928523309254,-2.927862556420341,2.220446049250313e-16
127,2000000000000.0,1e-06,1500000000000.0,1265263114.9290648,-2.322870720233738,0.040826094015155384,-2.999189914206661,2.4079456086518722,-2.953192852330926,-2.927862556420341,2.220446049250313e-16
127,2000000000000.0,1e-06,1500000000000.0,4217543716.4302163,-2.322870720233738,0.040826094015155384,-2.877201964599172,0.0,-2.9531928523309254,-2.927862556420341,2.220446049250313e-16
127,2000000000000.0,1e-06,1500000000000.0,12652631149.29065,-2.322870720233738,0.040826094015155384,-2.7658892671473017,-2.1972245773362196,-2.9531928523309254,-2.927862556420341,2.220446049250313e-16
127,2000000000000.0,1e-06,1500000000000.0,42175437164.30216,-2.322870720233738,0.040826094015155384,-2.643901317539813,-4.605170185988091,-2.9531928523309254,-2.927862556420341,2.220446049250313e-16
127,2000000000000.0,1e-06,1500000000000.0,1000000000000.0,-2.322870720233738,0.040826094015155384,-2.3231268308977704,-10.937004756227058,-2.9531928523309254,-2.927862556420341,2.220446049250313e-16
127,2000000000000.0,1e-06,1500000000000.0,2000000000000.0,-2.322870720233738,0.040826094015155384,-2.2528963381250877,-12.323299117346949,-2.9531928523309254,-2.927862556420341,2.220446049250313e-16
127,2000000000000.0,1e-06,2000000000000.0,421754371.64302164,-2.25,-0.0028963381250874352,-3.110502611658531,4.605170185988091,-2.953192852330925,-2.9278625564203407,1.1102230246251565e-16
127,2000000000000.0,1e-06,2000000000000.0,1265263114.9290648,-2.25,-0.0028963381250874352,-2.9991899142066605,2.4079456086518722,-2.9531928523309254,-2.9278625564203407,0.0
127,2000000000000.0,1e-06,2000000000000.0,4217543716.4302163,-2.25,-0.0028963381250874352,-2.877201964599172,0.0,-2.9531928523309254,-2.927862556420341,2.220446049250313e-16
127,2000000000000.0,1e-06,2000000000000.0,12652631149.29065,-2.25,-0.0028963381250874352,-2.765889267147301,-2.1972245773362196,-2.953192852330925,-2.9278625564203407,1.1102230246251565e-16
127,2000000000000.0,1e-06,2000000000000.0,42175437164.30216,-2.25,-0.0028963381250874352,-2.6439013175398127,-4.605170185988091,-2.953192852330925,-2.9278625564203407,1.1102230246251565e-16
127,2000000000000.0,1e-06,2000000000000.0,1000000000000.0,-2.25,-0.0028963381250874352,-2.32312683089777,-10.937004756227058,-2.953192852330925,-2.9278625564203407,1.1102230246251565e-16
127,2000000000000.0,1e-06,2000000000000.0,2000000000000.0,-2.25,-0.0028963381250874352,-2.2528963381250873,-12.323299117346949,-2.9531928523309254,-2.9278625564203407,0.0
127,2000000000000.0,1e-06,2500000000000.0,421754371.64302164,-2.193477078146724,-0.036810091237053144,-3.1105026116585313,4.605170185988091,-2.9531928523309254,-2.927862556420341,2.220446049250313e-16
127,2000000000000.0,1e-06,2500000000000.0,1265263114.9290648,-2.193477078146724,-0.036810091237053144,-2.9991899142066605,2.4079456086518722,-2.9531928523309254,-2.9278625564203407,0.0
127,2000000000000.0,1e-06,2500000000000.0,4217543716.4302163,-2.193477078146724,-0.036810091237053144,-2.877201964599172,0.0,-2.9531928523309254,-2.927862556420341,2.220446049250313e-16
127,2000000000000.0,1e-06,2500000000000.0,12652631149.29065,-2.193477078146724,-0.036810091237053144,-2.765889267147301,-2.1972245773362196,-2.953192852330925,-2.9278625564203407,1.1102230246251565e-16
127,2000000000000.0,1e-06,2500000000000.0,42175437164.30216,-2.193477078146724,-0.036810091237053144,-2.6439013175398127,-4.605170185988091,-2.953192852330925,-2.9278625564203407,1.1102230246251565e-16
127,2000000000000.0,1e-06,2500000000000.0,1000000000000.0,-2.193477078146724,-0.036810091237053144,-2.3231268308977704,-10.937004756227058,-2.9531928523309254,-2.927862556420341,2.220446049250313e-16
127,2000000000000.0,1e-06,2500000000000.0,2000000000000.0,-2.193477078146724,-0.036810091237053144,-2.2528963381250873,-12.323299117346949,-2.9531928523309254,-2.9278625564203407,0.0
127,2000000000000.0,1e-06,4000000000000.0,421754371.64302164,-2.074423768068293,-0.10824207728411175,-3.1105026116585313,4.605170185988091,-2.9531928523309254,-2.927862556420341,2.220446049250313e-16
127,2000000000000.0,1e-06,4000000000000.0,1265263114.9290648,-2.074423768068293,-0.10824207728411175,-2.9991899142066605,2.4079456086518722,-2.9531928523309254,-2.9278625564203407,0.0
127,2000000000000.0,1e-06,4000000000000.0,4217543716.4302163,-2.074423768068293,-0.10824207728411175,-2.877201964599172,0.0,-2.9531928523309254,-2.927862556420341,2.220446049250313e-16
127,2000000000000.0,1e-06,4000000000000.0,12652631149.29065,-2.074423768068293,-0.10824207728411175,-2.7658892671473017,-2.1972245773362196,-2.9531928523309254,-2.927862556420341,2.220446049250313e-16
127,2000000000000.0,1e-06,4000000000000.0,42175437164.30216,-2.074423768068293,-0.10824207728411175,-2.6439013175398127,-4.605170185988091,-2.953192852330925,-2.9278625564203407,1.1102230246251565e-16
127,2000000000000.0,1e-06,4000000000000.0,1000000000000.0,-2.074423768068293,-0.10824207728411175,-2.3231268308977704,-10.937004756227058,-2.9531928523309254,-2.927862556420341,2.220446049250313e-16
127,2000000000000.0,1e-06,4000000000000.0,2000000000000.0,-2.074423768068293,-0.10824207728411175,-2.2528963381250873,-12.323299117346949,-2.9531928523309254,-2.9278625564203407,0.0
