q,n,degree_exact,v_over_cutoff,log10_degree,log10_mu_over_v
2,2,7,0.1,0.84509804001425683071221625859263619348357239632396540650363495372,-4.4894053504650309636032473664383707620422443104737236349884634336
2,2,7,0.5,0.84509804001425683071221625859263619348357239632396540650363495372,-0.99455532878493693967194184006083589588319371778426634154060073919
2,2,7,0.9,0.84509804001425683071221625859263619348357239632396540650363495372,0.2818071967315934093470316661127823299590443314332350133101929695
2,2,7,0.99,0.84509804001425683071221625859263619348357239632396540650363495372,0.4887706225227186130980315223279035384925552837655004862928880629
2,4,31,0.1,1.4913616938342726796667041001184157223037015583041846559383497201,-27.884137808335741737398417411681526531378893066345735395387769361
2,4,31,0.5,1.4913616938342726796667041001184157223037015583041846559383497201,-7.6140076825911963985968453586918243076563996287468830933901657339
2,4,31,0.9,1.4913616938342726796667041001184157223037015583041846559383497201,-0.21110503459532037428679902288483859777141894328537523525556222348
2,4,31,0.99,1.4913616938342726796667041001184157223037015583041846559383497201,0.98928283499320580746900014316286441172294458024176450804406931823
2,8,511,0.1,2.7084209001347127317866031590629447279364406516356228916136369852,-506.67980649256855731365037322669719418124018108202529816056512016
2,8,511,0.5,2.7084209001347127317866031590629447279364406516356228916136369852,-150.90407428553498567744347064146414480624883074623854568757269788
2,8,511,0.9,2.7084209001347127317866031590629447279364406516356228916136369852,-20.970369187952196147311967712989809415508997335896907763761898333
2,8,511,0.99,2.7084209001347127317866031590629447279364406516356228916136369852,0.098507557584349594539817649709529613202417611527717385876462175436
2,16,131071,0.1,5.1175066128710954366535028582088558431197061428146766418192532538,-131064.27156569891678113059079729522605089171606181511000129988226
2,16,131071,0.5,5.1175066128710954366535028582088558431197061428146766418192532538,-39450.972067381268056600133989939802576371595635172214402316299165
2,16,131071,0.9,5.1175066128710954366535028582088558431197061428146766418192532538,-5992.6600959960447934865662938058091277883358605944773865285630438
2,16,131071,0.99,5.1175066128710954366535028582088558431197061428146766418192532538,-567.36224499264692739860626295386479153258645834693673085479040448
2,32,8589934591,0.1,9.9339898568608209101720116527576547060228157049875988999185807644,-8589934579.4550857682804423742039427669613966110216089880500397303
2,32,8589934591,0.5,9.9339898568608209101720116527576547060228157049875988999185807644,-2585827962.535637858492499354012495043086773758712785039924815965
2,32,8589934591,0.9,9.9339898568608209101720116527576547060228157049875988999185807644,-393053841.32807003123123480642142139559816290348372518548737680258
2,32,8589934591,0.99,9.9339898568608209101720116527576547060228157049875988999185807644,-37493383.355845815845157564774162136796265364473873704066477286331
2,64,36893488147419103231,0.1,19.566949718158777688881256581572597434381399713845729097399875419,-36893488147419103209.822125907033044127361355241897757428051976612
2,64,36893488147419103231,0.5,19.566949718158777688881256581572597434381399713845729097399875419,-11106046577046714244.479725469013365756959648443171925740321588928
2,64,36893488147419103231,0.9,19.566949718158777688881256581572597434381399713845729097399875419,-1688153435655909216.4965564909586129333763297644075213260900060506
2,64,36893488147419103231,0.99,19.566949718158777688881256581572597434381399713845729097399875419,-161032896381083048.01366937353729182519279084654994232049526050956
2,127,340282366920938463463374607431768211455,0.1,38.531839444989592987358578524735107426327028550374716875991515338,-340282366920938463463374607431768211414.85723618020222882889580487
2,127,340282366920938463463374607431768211455,0.5,38.531839444989592987358578524735107426327028550374716875991515338,-102435199438739363750012109250103232661.02968628194032552176911238
2,127,340282366920938463463374607431768211455,0.9,38.531839444989592987358578524735107426327028550374716875991515338,-15570467192349031280730547551642448146.686055496415953071053591229
2,127,340282366920938463463374607431768211455,0.99,38.531839444989592987358578524735107426327028550374716875991515338,-1485266313495014185567086291593363010.9917504350582958988041657246
2,128,680564733841876926926749214863536422911,0.1,38.832869440653574182572317419459600453095856570224413623173542643,-680564733841876926926749214863536422870.55620618453824763368206598
2,128,680564733841876926926749214863536422911,0.5,38.832869440653574182572317419459600453095856570224413623173542643,-204870398877478727500024218500206465360.80419637500638460506989767
2,128,680564733841876926926749214863536422911,0.9,38.832869440653574182572317419459600453095856570224413623173542643,-31140934384698062561461095103284896331.35111728864772149422747127
2,128,680564733841876926926749214863536422911,0.99,38.832869440653574182572317419459600453095856570224413623173542643,-2970532626990028371134172583186726059.8383291104577320274780203471
2,160,2923003274661805836407369665432566039311865085951,0.1,48.465829301900972429411962050643377309678570915399326572807298837,-2923003274661805836407369665432566039311865085900.9232463232908494
2,160,2923003274661805836407369665432566039311865085951,0.5,48.465829301900972429411962050643377309678570915399326572807298837,-879911663097246245548299857666344938141404442772.28507867426413147
2,160,2923003274661805836407369665432566039311865085951,0.9,48.465829301900972429411962050643377309678570915399326572807298837,-133749294749160061536037393444954372079607846147.67880038836743117
2,160,2923003274661805836407369665432566039311865085951,0.99,48.465829301900972429411962050643377309678570915399326572807298837,-12758340484623138772133421672806828053487639789.556949803277606605
3,2,13,0.1,1.113943352306836769206505157942328430829729188387068271801190975,-10.170994301671443797647508739094764201227444148375537431502800766
3,2,13,0.5,1.113943352306836769206505157942328430829729188387068271801190975,-2.4823242539752369449986365810641874956775328444587313859175028386
3,2,13,0.9,1.113943352306836769206505157942328430829729188387068271801190975,0.32567330216112982284310513251777260117539086381977159475424332051
3,2,13,0.99,1.113943352306836769206505157942328430829729188387068271801190975,0.78099283890160527109530481619103925994911495895075563531617252599
3,4,121,0.1,2.0827853703164500815003999424860484834134043809329061891930780374,-117.21645739516838203991379521924056159704570337170789907002350024
3,4,121,0.5,2.0827853703164500815003999424860484834134043809329061891930780374,-34.039026879182144270348723691455231782460299265698815485964368114
3,4,121,0.9,2.0827853703164500815003999424860484834134043809329061891930780374,-3.6615987718887219636971542445231180074150336943222832405154778474
3,4,121,0.99,2.0827853703164500815003999424860484834134043809329061891930780374,1.2641307619400578855766423333967667556825269711856350164726653755
3,8,9841,0.1,3.9930392318069095262967327042316167437895847991627501142921571042,-9835.3079686994114954399300028833020906617804653292072914374950683
3,8,9841,0.5,3.9930392318069095262967327042316167437895847991627501142921571042,-2958.1420960373224751479069880775889810340007090348932293907908583
3,8,9841,0.9,3.9930392318069095262967327042316167437895847991627501142921571042,-446.51591832589405434837092262914303622164467578469406331539899839
3,8,9841,0.99,3.9930392318069095262967327042316167437895847991627501142921571042,-39.253289054117878407153405569027522069401823785262065580051593595
3,16,64570081,0.1,7.8100313312073103191746649137465205279135594435201027759768460426,-64570071.490998661093700969432623156446009757416390903851394760786
3,16,64570081,0.5,7.8100313312073103191746649137465205279135594435201027759768460426,-19437523.092391584323166511750356354419380892749399887870383825475
3,16,64570081,0.9,7.8100313312073103191746649137465205279135594435201027759768460426,-2954557.2713432082347559733918488511076862622744438977373192688783
3,16,64570081,0.99,7.8100313312073103191746649137465205279135594435201027759768460426,-281828.32065448985373734198288904762176940700655197456942627131552
3,32,2779530283277761,0.1,15.443971410084879157398463578690403730675191525569094571807078459,-2779530283277743.8570585855791019596915569820301878766336174220017
3,32,2779530283277761,0.5,15.443971410084879157398463578690403730675191525569094571807078459,-836721989122993.07206333924744500990294127588542809329450774543991
3,32,2779530283277761,0.9,15.443971410084879157398463578690403730675191525569094571807078459,-127184330700177.57188099081640552582763917351281077256096496263617
3,32,2779530283277761,0.99,15.443971410084879157398463578690403730675191525569094571807078459,-12132108796709.233750037528936076001499791999994620395213047221653
3,64,5150525730438768726986773633921,0.1,30.711851561114077228963074816857959911031245226710418751235460619,-5150525730438768726986773633888.589178434549903966250664077866491
3,64,5150525730438768726986773633921,0.5,30.711851561114077228963074816857959911031245226710418751235460619,-1550462738301206128166834042601.7088238045466193755718601242334985
3,64,5150525730438768726986773633921,0.9,30.711851561114077228963074816857959911031245226710418751235460619,-235675132493066315478311102118.32804589757632729376146053309818887
3,64,5150525730438768726986773633921,0.99,30.711851561114077228963074816857959911031245226710418751235460619,-22481042533677306190668927683.361499392872515378759978734793115097
3,127,5895092288869291585760436430706259332839105796137920554548480,0.1,60.770490608452810778549832721930266550848304734946962156912374461,-5895092288869291585760436430706259332839105796137920554548417.5305
3,127,5895092288869291585760436430706259332839105796137920554548480,0.5,60.770490608452810778549832721930266550848304734946962156912374461,-1774599606157091825573734185971786807959807377109353288857721.8217
3,127,5895092288869291585760436430706259332839105796137920554548480,0.9,60.770490608452810778549832721930266550848304734946962156912374461,-269744629762245329407502334789638596599752419305590254858482.37672
3,127,5895092288869291585760436430706259332839105796137920554548480,0.99,60.770490608452810778549832721930266550848304734946962156912374461,-25730930670398518992436822637565088119767653569417503734614.668408
3,128,17685276866607874757281309292118777998517317388413761663645441,0.1,61.247611863172473215844860625185381860048433599137658021742240126,-17685276866607874757281309292118777998517317388413761663645378.053
3,128,17685276866607874757281309292118777998517317388413761663645441,0.5,61.247611863172473215844860625185381860048433599137658021742240126,-5323798818471275476721202557915360423879422131328059866573287.4321
3,128,17685276866607874757281309292118777998517317388413761663645441,0.9,61.247611863172473215844860625185381860048433599137658021742240126,-809233889286735988222507004368915789799257257916770764575567.82076
3,128,17685276866607874757281309292118777998517317388413761663645441,0.99,61.247611863172473215844860625185381860048433599137658021742240126,-77192792011195556977310467912695264359302960708252511203964.488847
3,160,32771175079258818936345984754485352713850575157369127821219235922994398532801,0.1,76.515492014201671209285753529349071754452557253239925696297940628,-3.2771175079258818936345984754485352713850575157369127821219235923e+76
3,160,32771175079258818936345984754485352713850575157369127821219235922994398532801,0.5,76.515492014201671209285753529349071754452557253239925696297940628,-9.8651066920128508657991021608200679688819850259627530114056281678e+75
3,160,32771175079258818936345984754485352713850575157369127821219235922994398532801,0.9,76.515492014201671209285753529349071754452557253239925696297940628,-1.4995267343514173122863381860104537472786097616236881523679154955e+75
3,160,32771175079258818936345984754485352713850575157369127821219235922994398532801,0.99,76.515492014201671209285753529349071754452557253239925696297940628,-1.4303980203058647423446938943705967264700351848765567481543386633e+74
5,2,31,0.1,1.4913616938342726796667041001184157223037015583041846559383497201,-27.743724503547894623769895316379162900890393531321631307019288574
5,2,31,0.5,1.4913616938342726796667041001184157223037015583041846559383497201,-7.4735943778033492849683232633894606771679000937227790050216849462
5,2,31,0.9,1.4913616938342726796667041001184157223037015583041846559383497201,-0.070691729807473260658276927582474967282919408261271146887081435811
5,2,31,0.99,1.4913616938342726796667041001184157223037015583041846559383497201,1.1296961397810529210975222384652280422114441152658685964125501059
5,4,781,0.1,2.8926510338773003268430294062784533769771220920668450708731888898,-776.34577061924357819706718415092810812211590949251933621576674337
5,4,781,0.5,2.8926510338773003268430294062784533769771220920668450708731888898,-231.84813724148492926856978314130817597453582715150188989658973559
5,4,781,0.9,2.8926510338773003268430294062784533769771220920668450708731888898,-32.990855766009500891413710879458456388315139083415178810836075773
5,4,781,0.99,2.8926510338773003268430294062784533769771220920668450708731888898,-0.74595402775219414700793328114257209879413271004821812013218022141
5,8,488281,0.1,5.6886698253373751943181743639532270302640997469691603724762080437,-488273.54989057966368128984497382408165722425203903433977648300245
5,8,488281,0.5,5.6886698253373751943181743639532270302640997469691603724762080437,-146981.17514339273769905905875100481227456923916947123621899721275
5,8,488281,0.9,5.6886698253373751943181743639532270302640997469691603724762080437,-22336.971624055553241331985826815185535364808682696767409959072488
5,8,488281,0.99,5.6886698253373751943181743639532270302640997469691603724762080437,-2125.7927076825885688650940682425518190579698239275168334555969865
5,16,190734863281,0.1,11.280430082383788052475640396942974281835721305695953580050449938,-190734863267.95813054497547392770855332444904448474175934264117152
5,16,190734863281,0.5,11.280430082383788052475640396942974281835721305695953580050449938,-57416915054.805546638894971195389305157668628751728248588543676811
5,16,190734863281,0.9,11.280430082383788052475640396942974281835721305695953580050449938,-8727548695.0386336439773584999996382091162649635538898182509965163
5,16,190734863281,0.99,11.280430082383788052475640396942974281835721305695953580050449938,-832520550.63388801417376339305167778470577304696514158431367312182
5,32,29103830456733703613281,0.1,22.463950151760658167519134954081550847652482521155769962505292115,-29103830456733703613256.77461047559917305112837526698481359148671
5,32,29103830456733703613281,0.5,22.463950151760658167519134954081550847652482521155769962505292115,-8761125956195790646974.6947900727063424294166243161893721267553401
5,32,29103830456733703613281,0.9,22.463950151760658167519134954081550847652482521155769962505292115,-1331718247403481666964.2749893224387465511828055514128902758092886
5,32,29103830456733703613281,0.99,22.463950151760658167519134954081550847652482521155769962505292115,-127032556409542584412.85422994474690747854939616834602256518726265
5,64,677626357803440271254658000543713569641113281,0.1,44.830990290513259920679494053458967206531277941878501348995488689,-677626357803440271254658000543713569641113234.40757033684657129797
5,64,677626357803440271254658000543713569641113281,0.5,44.830990290513259920679494053458967206531277941878501348995488689,-203985859551368994801249296802267225623771483.48003391752803695001
5,64,677626357803440271254658000543713569641113281,0.9,44.830990290513259920679494053458967206531277941878501348995488689,-31006481670855583320059891166179466353082677.467438711544610762012
5,64,677626357803440271254658000543713569641113281,0.99,44.830990290513259920679494053458967206531277941878501348995488689,-2957707187383030178842354572408442551221315.0446616390490641845429
5,127,73468396926392969248046033576390354863666597298255470094296981642401078715920448303222656,0.1,88.866100563682444622213943685815906520135315409925889629644430053,-7.3468396926392969248046033576390354863666597298255470094296981642e+88
5,127,73468396926392969248046033576390354863666597298255470094296981642401078715920448303222656,0.5,88.866100563682444622213943685815906520135315409925889629644430053,-2.2116191208191724902398235964414051349182164634655575982736667363e+88
5,127,73468396926392969248046033576390354863666597298255470094296981642401078715920448303222656,0.9,88.866100563682444622213943685815906520135315409925889629644430053,-3.3617294788673596868107104581571292889954733886938654531570496121e+87
5,127,73468396926392969248046033576390354863666597298255470094296981642401078715920448303222656,0.99,88.866100563682444622213943685815906520135315409925889629644430053,-3.2067525581366722698126024838823019168810957493094400991171759008e+86
5,128,367341984631964846240230167881951774318332986491277350471484908212005393579602241516113281,0.1,89.565070568018463427000204791091413493367125528463781088334002592,-3.6734198463196484624023016788195177431833298649127735047148490821e+89
5,128,367341984631964846240230167881951774318332986491277350471484908212005393579602241516113281,0.5,89.565070568018463427000204791091413493367125528463781088334002592,-1.1058095604095862451199117982207025674591082317327787991368333681e+89
5,128,367341984631964846240230167881951774318332986491277350471484908212005393579602241516113281,0.9,89.565070568018463427000204791091413493367125528463781088334002592,-1.6808647394336798434053552290785646444977366943469327265785248061e+88
5,128,367341984631964846240230167881951774318332986491277350471484908212005393579602241516113281,0.99,89.565070568018463427000204791091413493367125528463781088334002592,-1.6033762790683361349063012419411509584405478746547200495585879504e+87
5,160,8552847072295026067649716694884742012208630016336155833478199974913275651158817147745594411389902234077453613281,0.1,111.93211070677106518016056015990763663678504932167630776640032384,-8.5528470722950260676497166948847420122086300163361558334781999749e+111
5,160,8552847072295026067649716694884742012208630016336155833478199974913275651158817147745594411389902234077453613281,0.5,111.93211070677106518016056015990763663678504932167630776640032384,-2.5746635170876659572122427593467351222855696262157959843446346189e+111
5,160,8552847072295026067649716694884742012208630016336155833478199974913275651158817147745594411389902234077453613281,0.9,111.93211070677106518016056015990763663678504932167630776640032384,-3.9135681917743753721130900762010473862703346981362736005767360471e+110
5,160,8552847072295026067649716694884742012208630016336155833478199974913275651158817147745594411389902234077453613281,0.99,111.93211070677106518016056015990763663678504932167630776640032384,-3.7331513107482719582186575092867737599661291452467442712713683731e+109
