mode,a,mG_eV,phase,index,CW_value,CW_chi,CW_y,precision_error,expansion_error
tree_eta,1.0,0.000001,zero,0,-0.000000000000000000000000000000000000000000000359469446880482181557513444829486172970592621020361567046570222792972937431467662966263698352724089557367191950934900603011045760771809428544699090049804579777175065846480742869331229189599437733421440943979272292408577023391577759670739707,0.00000000000000000000000000000000000000000000000175366652876778014675627525981928784755734105509972923835413090918629404391287914406088479967780312681890417212684243004256520947587946156089516913846271690943700765415280928388714102095963479059212058229790462297657014413396216303344001255,0.0,4.0957187828146394989624806311059160449320939992794470326483593390016904976753842436260787469174776563592932697520202095795782390013022405829017334138452405834678602700327451247734795076213263322453134587537633180500905746343579716512440935e-94,6.5690170376383507385096809088617302190999361443455362479560092807161728455040230554052275640165304043683909004501223972439968081643147684458195681300101495787909794119071218885345229351465092135840744904877087389673852408555965123195344623e-154
tree_eta,1.0,0.000001,zero,512,-0.000000000000000000000000000000000000000000000358658800700406026922524045811725251090411185522330306077809290556450843973900076470996925890855420303764551618874571430530819021850466433345651890873141292522170596669821530890246957133770580567843857318825494130458148695766127030100552513,0.000000000000000000000000000000000000000000000000181970331521024368678293818653495284580265766559060284390559630771327697202726986674903209793352357573840472140433625306609113013929914436533235912118239283105920746423678421846828623845600243507399325081430608567605735326050401093603486321,0.0,2.2955746277486629849738184992303434423123834840472624551749082752412063236244299263654330164166796174679828094508254715682486738364780111503367632848330596800900730634198970803714528665127042612240961685571570953415167502992457455974342763e-94,3.99138935218894988096843029112259586493915295341642101565459818511800712698730732054798863157008421784674179462965722519478562118415515449297533964209662408343433091136288894015705221676439077477962620324823024589326436536167604473273009573e-153
tree_eta,1.0,0.000001,zero,1024,-0.000000000000000000000000000000000000000000000358561824357458418384063805672663932859914252399003876080412779424633275969231491531297157810396987837561321022022253390880038594998806057306054563632315132267785122014450748166099175415632983935189684021564888853520463863807687491161575976,0.0000000000000000000000000000000000000000000000000620496459963139681825208795462118247265405422544060558541033384564546528503174108395524765872767166014844988748768372175257548760914881442376810597343244913693278483343503158751886860288943649754512332821194105218318227843442172554247329786,0.0,2.61567675297319635620957755023662878271836691501116299186229377603796144443070532400951098026601467557759896792826834416970489782503235586093293413556796226857705196979448304585380398405316747106135754215236179632640866930091051847418238855e-95,1.16878994255060913123069897055396003545337176600313971951789872592663157624182147119358108328996317064093302368723836436531050007894962664455785678695763311867768658649744210140923562597638670760373848691209965895799637636938110991307732679e-152
tree_eta,1.0,0.000001,quadrature,0,-0.000000000000000000000000000000000000000000000359469446880482181557513444830003149430938895974222554639376669444052735533536089732613067658777556017753233927547624188916778090055278898048260936804866782465402689846368466050021231489687474117630560067199132043639860793628155672617475411,0.00000000000000000000000000000000000000000000000175366652876778014675627526026804505868419339579734135231680451332683547921663501518363591881223136797175745476675087442132027942273788369673286969099573899783018945247026527522757877944535589370668620941040900037370514854287173298270308244,-0.000000000000000000000000000000000000000000000000000000000000000000000000000172325486782091651286995864268815550359932700689475589499220680919521449367720664069881685637878861083938639960468414154432140807935623156937593286793360559663303413927720817707154122272432397850997716546397238255074269026870788876292610549,4.59971835080280276527286894922343274181318589499096521632938630387965556944141496204637577513821090153145719904467765354840666783001372527242902747950789451701977758910625211502718178530716158511812203512925307983775866153925709897735059568e-94,3.40292898009718550569860112304069390981335810210838770781113493424575958463528436740938199596238176030156705906111639855514097652296735194659026705076863503945725267316879161469489447552704953893147674823401920034073546323020570289952982427e-154
tree_eta,1.0,0.000001,quadrature,512,-0.000000000000000000000000000000000000000000000358658800700406026922524045811905128450034917358192761049866664824647586348327995176930774343638542765442280859283541387197262919300788490067525806982162316469811316607416776593511366102901459580230195147176835093271320141307502109303356327,0.000000000000000000000000000000000000000000000000181970331521024368678293818814177708087392363137902488382563090382771213136860436654646117709768233974338862810321197697893759817386256762878875061624096048631998310302083935358568173236948877908049060905542284356778277153092611162049492315,-0.0000000000000000000000000000000000000000000000000000000000000000000000000000753278456668809237867314971797334824153064465874831458514876180411169896103146016856253067581368744783324083416420437883796437417356333275161603912124056930042064835985571850837821811851253316786198215502935827246635650610438713325049391781,9.13528197472526013237730430712404708263832029867059069183350916610729611414836594628832641433911123031064770652886238716061975402538433710584311494035897641085257924692857393856680251074588484796464202866699678543360553337375435547436053157e-95,6.57295116839058964539324414656038011791521330548741027412593832216853156325274482219721358516554545375015743007288780090817540045061923033940237396955743963853711838837927724079578334333830947194125241022311117235782192241224904824856830151e-153
tree_eta,1.0,0.000001,quadrature,1024,-0.000000000000000000000000000000000000000000000358561824357458418384063805672740067843951520048146657047905246282270088927994610208180082933553366192485295379860307527799709715244942925428106813441100280880232955001812419067249546230345485604213225684201506118570901625745553047722072355,0.0000000000000000000000000000000000000000000000000620496459963139681825208796153592414236573198513735389819544741197476068150457183961906654642807398774639411499340630596687675995583935811123011116426886793620435029820250071324731442249813576000164826155866504729915501542333834015057320399,-0.0000000000000000000000000000000000000000000000000000000000000000000000000000357271705057778112532169021577164117479042258191491616431117930817169618292889728682897227688694511616614952828573862248166061409898601157084902867534158697514286285689684900439143603672910378398777418708906586305644726306499437563532774666,3.32822876682589869422378804142971298137775185693993188875382624876979147065978871009374391681456052606777313410220949764550333555127578400249668751657437987694759814424729212389401060798304436881415943711992197971346674806882837653840168433e-94,1.26952582604005372831852798131087734080019162790837056579913136421396276635673560122633774150455606575689771582091595404281156384503906428851180158193746041723341771779660731784646402952402574804561896196958980882740204236404756969087059175e-153
tree_eta,1.0,0.000001,pi,0,-0.000000000000000000000000000000000000000000000359469446880482181557513444830520125891285170928083542232183116095132533635604516498962436964831022478139275904160339958294998428236569457590178289568497048598588604445104689097763830603236613287724144016118000685313727132082883175200386933,0.00000000000000000000000000000000000000000000000175366652876778014675627526071680226981104573649495346627947811746737691452039088630638703794665960912461073740662788094940555525768780810313991901193540873727640217494310573356451411893019674821454230684447380157482807528699916021973902611,0.0,1.8530172393125248742324245254520092671622363570599200871907923072212343507840100309069149729434190834714842332864358033042379514608923470577847792365940889639685537823997490645588286019228294249395568391414474145710761950188719010455679115e-94,8.90876149025126906605426956683777488826635646321923618314584067110765065889661663452498663648001878428185224152904203521192147934982571565164193023191046375220526336128038822338130350220700930509640712669864872490442823880196010470601994128e-154
tree_eta,1.0,0.000001,pi,512,-0.000000000000000000000000000000000000000000000358658800700406026922524045812085005809658649194055216021924039092844328722755913882864622796421665227120010099692511280630732413492095590073176423492978438872026016254813600491879951228718278724272073755489349584285493880051333438704877072,0.000000000000000000000000000000000000000000000000181970331521024368678293818974860131594518959716744692374566549994214729070993886634389025626184110374837253480208515789400142828957413318716534908561275577561078427024895184641291935397607151824853948016230705649456647574208909400331242162,0.0,4.26412094742846747061968100590600707312208615465497998850393193703938866892131089750350216309606201429488361318012852505051860002251009066703030267353197640802081505735795370260402040402065588314774552936633988243980313165966315625001724656e-94,7.62626594322929823197926444773687257992878914418040926111621259568079036164553735458503042279849156394808884941975524856379541106566252508806690185166707508010662299908664562238326116088531748305884550937239360376033819963779450043807290692e-153
tree_eta,1.0,0.000001,pi,1024,-0.000000000000000000000000000000000000000000000358561824357458418384063805672816202827988787697289438015397713139906901886757728885063008056709744547409269737698361663356551073754460496706001063431330503434911179079011191966508233801242184822347465111671775508968777186948835266982994037,0.0000000000000000000000000000000000000000000000000620496459963139681825208796845066581207740974483410221098056097830405607797740259528288543412847631534433834249912834212398481762351830242716100027307304608246758842914266278567966814644038731884110733672498931088840512059975905409314620297,0.0,4.99499795250253704573769336108647327013303702836906836980933262996305670302667270287503692953588701027267992000169123079426442517029326057393540625945336543256386991080503185920421107832238690715314819247815816463523549741388959515466825067e-94,1.81541259414271498434656956873257164334135752961482752661883492012418097118230934052493283837848938952891529757778355642706971834579999023686773238465816731261089500911120776539241329264375279883943560945207624083582056576678937766972611848e-152
tree_eta,1.0,1.0,zero,0,-0.000000000000000000000000000000000000000000000359469446880482181557513444830003148913962435627947600778575636226964372463334603896052190382716490232385792023258435129727209766126446398379750471308512743670699159151254531628734019520307402581498410990653839508192907558030365787067736562,0.00000000000000000000000000000000000000000000000175366652876778014675627526026804460992698226894500065569040689321233408057576151503616426987094277219302557590988869851841694670386943556951952971704486813220320451202717140717574157122848670049914820663957139299158335201336637477083447461,0.0,5.30768285709349432292952800047533569683117903179861291224691223124462694351952132981068373843429603373215530775250759402076610104253390423300463531283863732247659289268199869890062327885614440090880943432913556448173189986873718530416171029e-94,4.07443652480899364314763402869603247589122893773611415462459917019516890753002470163882240463654508254305824136507816981011353029929294308993807122636948496324154596748877823770087900569309977221729863553914804187109781509323035325489695881e-154
tree_eta,1.0,1.0,zero,512,-0.000000000000000000000000000000000000000000000358658800700406026922524045811905128270157557734460925186705311629111905870867989624378243037464713813639300577522136000963346303574932590851205651012989491317002114582281981107230768287100344632032735951918871244768563353921919051451252302,0.000000000000000000000000000000000000000000000000181970331521024368678293818814177547404968856011305910168397376073969680868737718572811079070279798187894215996649564857203028593819726936553802210203974665650182741054127097172381260764580192198708138334397849419026876889120828963040619252,0.0,1.54738136717208526828129399347637974870762565330760004776118710971576724937889540783624985042450167134950991746730795392677599264597806793188100780004892328666486213878755811046490569810446127942506490566688281605540982565249778211962428856e-94,6.99403359252331622788195416744020926763006484950529150117208114001995762199042872486198867288066145276680167493326670322803843220512980363422948236660309061663971352934573394837794620886793043236183709577087350408560364761609181341581970266e-153
tree_eta,1.0,1.0,zero,1024,-0.000000000000000000000000000000000000000000000358561824357458418384063805672740067767816536010879007903844390525509816955137231527726375549959283190453491466873491691806596040905093937474015558666563875179891346013678152240021434188363993806472743010670390559587796393170428741755915165,0.0000000000000000000000000000000000000000000000000620496459963139681825208796153591722762406227345959425973250770255768485984493790382223617758240600288934003088857853504379249952251710732244857240179134539599795322827854740290826966046064015061605805896069945082687345730614346512902892196,0.0,3.19065235844265870222027846635421269126243848100452206916294316250140342553273671391962118104836329895441371821020278977467568359272731746808975802605154608804328775050306648976704976080275716389302245313301800058730169110794844327712227521e-94,8.71364164209152898580841275389825360019126461688304010026952811912430070985282577312016507459761780970739428765151965754932500571132972103003684213069674739730123124794524452542367341469578748926360136028992531853563639338153218896254344189e-153
tree_eta,1.0,1.0,quadrature,0,-0.000000000000000000000000000000000000000000000359469446880482181557513444830003149430938895974222554639563229033411023543132705964478955621634679884436362494683517423213517652239168599106914488115482207079619628755893690986651366040994084592584609025476750118436043575029659082388617964,0.00000000000000000000000000000000000000000000000175366652876778014675627526026804505868419339579734135330252085588593822111719681879203425343183412105088213380507129101193484385149812638275481644166350905205369484735123932001486271674194426391797693098133669079489900109205333495821467455,-1.72325486782091651286995864268815550359932700689475588412972729884732954402710060060399424276508084438509783974811274659540055804716713436928989335740201952206661305655524082681816022209437187752859472542318386394913923759604375684422844545e-82,6.94145755853772058988694288252094735050885076889617508923255863607886189281228787968314150461836644919008526390581093041467293629104475404776535629228786598401382349320040203794915247221334306948391824248501800595489329571069815316695795073e-95,1.59146395670347230385895749180205402534403151620582100542774976315069045257788199935263095530464298918801276794306088007843660060710288293887789010800400484240450521961229428310737968746453048705163820814112118081274271148639888570453112035e-154
tree_eta,1.0,1.0,quadrature,512,-0.000000000000000000000000000000000000000000000358658800700406026922524045811905128450034917358192761049160283686486174067610364052296948645115894949825847779791778902416845277250994140349809242647774422304846192958482194338421771439389469143657979398240629649144336012595002221048818014,0.000000000000000000000000000000000000000000000000181970331521024368678293818814177708087392363137902489010601368077429292312253652706260725687482422681930416715684797702195491540566664269517426789386201231526378435046756275325432648360223187093726555826293273071607943869628347957946659966,-7.53278456668809237867314971797334824153064465874831455325418279504475207889080453705026313193894465110761892939062475670959931012315180877033987318738485646416832369454625559788148538324175640658746657533173833036404626650334010636496638106e-83,3.15591795236959635634010713173555747563228607707075174789797205182990320603472365420919447902857274752756733604919814676558500313429469104119298601185205887395737412204523553914471974397953824227628931381955427095482554429385948086377590075e-94,1.19009698352485824908609945782371631991568012621155660615364618968003956153127588142921406601122986518714742253344208374532811280805275552343149982999286399857787546230835771060173802508288290902550770394394910069539404607696793753349543993e-153
tree_eta,1.0,1.0,quadrature,1024,-0.000000000000000000000000000000000000000000000358561824357458418384063805672740067843951520048146657046625358017976674591950190290845052309738410110656068396543335999135066987106718495634278072699060404402409924622914247972702374137680625955892147727304575942992787595798403636560311254,0.0000000000000000000000000000000000000000000000000620496459963139681825208796153592414236573198513735395648082048767125118914033437665297927185995662148937138889816279549785359819464447206828575841303187187875926948928999879531064433057269978863677815240946073119806912508556955494059032611,-3.57271705057778112532169021577164117479042258191491615227472118339031289997748874656422075929059635933411566797333668430195039963444410536104255259660698015795787380738990909958438688209280859208975316732446529988176675585056122126717011523e-83,1.81719147270330030236271157404360091302562458990456650570432115971018367966765088735094062352927810103008934825779075259009152615328947377748575325292824225220472376027436675774573950382710583057310615534193161120034042153752974381539992051e-94,7.91520442984215816666810856137459428343626673207859245761219712488359848721534334255267817345537138662422585034153695968708383394533048295423877464238148194835060151998132027449099243929317392027973869685008042883005596407353968418784174646e-153
tree_eta,1.0,1.0,pi,0,-0.000000000000000000000000000000000000000000000359469446880482181557513444830003149947915356320497508500550821839857674622930808032905720860552869536486932966108599716699825538351890799826261977410460499963872067576957449589381910209624465780772347520971154371613644414735348246661910461,0.00000000000000000000000000000000000000000000000175366652876778014675627526026804550744140452264968205091463481855954236165863212254790423699272546990873869170025388350545274099912681716455225249648803697438600865082748115929435058532515769666666266755480772407010887226592771402394569355,0.0,4.66515517399853898689872879894226187846066365941676064084504717721680800273093913487940586764677086826367189031463295261717865102010336173698813952799859470394437460335375277921132881625873633988157351681870241246399742435304440497164855444e-94,8.66975759761062238013513317437805269743621919454535413746145038267240281061264547680950304826833915206581121470962560521242640509714654737628425308189825075391772805257704081945442043683546812688872304029524616246865260268166090624666512745e-155
tree_eta,1.0,1.0,pi,512,-0.000000000000000000000000000000000000000000000358658800700406026922524045811905128629912276981924596911615255743860442264352738480215654252767076086012394982061421803870344250927055689848349601308156095430183335607837968585819233839066020387782378569429686376069983494964675819560786853,0.000000000000000000000000000000000000000000000000181970331521024368678293818814177868769815870264499067852805360080888903755769586839710372304685047175966617434720030547187954487313601602226751590304636320889789194734609858724119571598731174648279619088489435197699830045316319429492044708,0.0,2.68011842661564956718857994660347800368608682929099350099287195989436397522592906603186959572671116424256646772737865000764444368224297610217402317711000170288969353525856315917211506290204423176421182269197192691133371879387035403752582297e-95,2.38319082040951350186808699268524424056315484595978977479898558579367412920311132685592431576781051930194908826338134626626136678337892366476242742150632946699937847750432154834708893536420098077133831001027386414013972386399074107517133373e-153
tree_eta,1.0,1.0,pi,1024,-0.000000000000000000000000000000000000000000000358561824357458418384063805672740067920086504085414306189406325510443532228763149053963729069517537030858645326213180306463537933308343053794539223901795529163591673121072346164136947384595891109555129283943395891798940681180379493515009602,0.0000000000000000000000000000000000000000000000000620496459963139681825208796153593105710740169681511365322913327278481751843573084948372236613750724008940274690774705595191469686677183681357488723105764675575222873594011010695050548430355677966234609274724823682951215758238286887550777249,0.0,4.43730586963941902505144681732989135372076487341751579723525105569823622489020738577882015394171593192357696711989905952472255644625515099625988075586925022818552897941877075439512565202863984220039109339428932669820437943147183316756797271e-95,1.88225123168795931397498241534202184852030045039719350559942081403660015380520467155718430923829036370022853377253015065220251840659012090941883889606294644437857229550218066999113444612102563670558971841549122508654248088375992840604422632e-152
tree_eta,1.0,10000000.0,zero,0,-0.000000000000000000000000000000000000000000000359469446880482181557513444830003149430938844276576520012067842934651929458056956457372338860079845374695213895261463237460200152191404184711752767712370416571174074312052544698750192365299181873684403111316238812233949080406086431273131196,0.00000000000000000000000000000000000000000000000175366652876778014675627526026804505868414852007622866806845109467552767009934284324958357413601782398704011066655935139529642385543176319662879904974489316822330969420194759608652093689476126209719947238396301351757017484604806931346529727,0.0,1.35793131218525943725801845915281008564250782330503756254020971425317115686135236201041937071504885272446585711055066694488967293644059280311144711269622320204237191926713921338479919896233526463505287520662034132354038976971220011215453576e-94,9.82386119875485185200789781181579567429700463511404905658884406271693509494844888292743497754340863568386000573225693172507194174855326738513562707377560943009951384487484412199380476877022706952663266486117982299973305274905310638135856598e-154
tree_eta,1.0,10000000.0,zero,512,-0.000000000000000000000000000000000000000000000358658800700406026922524045811905128450034899370456798675976697440988261949045382266461461441623225121773900683216492558828319478105371272655680662096355184751936684810225959994345848069376306489172408776421292452125696438199723672342748799,0.000000000000000000000000000000000000000000000000181970331521024368678293818814177708087376294895551776350943483857658130243987788191737623891825654127262862190362361661490762337660060353392240541730505360372649565051883643886496475720654996358922446792384669502398052193564167183692269051,0.0,3.58231311855984620253386565323983187372583065954030159233178755894677990573285333717546910882375203782791152413730419966708119013780473818620564515822193785958433033085327283411873421231246387565120495726693773824492896087807868047646644702e-94,7.64527332387880601116630823817698648913890620209868207090714140040724091590452158602315439794183672737794939212301227457561290120992382657729777652585758449585979567533785167284853698243902412429623155331715624353357780760990846135388602271e-153
tree_eta,1.0,10000000.0,zero,1024,-0.000000000000000000000000000000000000000000000358561824357458418384063805672740067843951512434648253319860443739878645457000131928123749926206117036492095988772468386560929141724713052899601719058816195666112707445860909417971394120998359392562385020767932028908954414269087951717686474,0.000000000000000000000000000000000000000000000000062049645996313968182520879615359241423650405109703827887048508128982580508594556401403127485508030108618824539609039985152754748596877184256283800690142400377538512118323768046239837058872643756582174675323044907130994611545826671346435044,0.0,1.63628414309686062744717150188673575363926205168636598135126086830874517982063989038921006364196326864037976534249415398931471540511670305863777127966369081354724977671182582385164055220742287675784619295692691505179817014815437926369940252e-94,9.31203610269694868529637694748031993042213295036728421103761323515493239475899783075767898787416194721251115332432360481461261313436035771539795647465179885211247959519138697780320064642049336862780399128959698838788524181477901831482134742e-153
tree_eta,1.0,10000000.0,quadrature,0,-0.000000000000000000000000000000000000000000000359469446880482181557513444830003149430938895974222554639563229033411210102722064437182545702756369266514178989273398739716905848836653256298564941806218378733695305235278548151697195977653636951997999764466408718150138307685383347713737972,0.00000000000000000000000000000000000000000000000175366652876778014675627526026804505868419339579734135330252085588692393745975689739311394972301618007617488253319236224373738116052722531212538702152663629674329928185113269208750372244462100267114830403825125413949469931792885499288362928,-1.72325486782091651286995864268815550359932700689475588412972729883646706451674196179962888156503115291134448323841084079372274591561954213029349929993130870435526482745306419223911428937636425014772595497932672897912939541278416327962182638e-89,2.29257454812675381750379527631465976233428568793205831131597544453077658556356089928194195436432942772260132386812684790016964377526275263176706349195471146805206687889955760676464644530865553305137993743872976416272708793291877889932877517e-94,4.7099675546249192031472620713678045522623345727980130898387654889282983623681290047298795890194389983306433728584797999129792149508614294103835232383600777150468778388296171665918121741425079012537707056040724788821199681288161248737576969e-154
tree_eta,1.0,10000000.0,quadrature,512,-0.000000000000000000000000000000000000000000000358658800700406026922524045811905128450034917358192761049160283686485467686472201940698904233493785886892014269251485621066724646016229940447229425223182073329353415920087780148197130816183388300489562977452938840916020649105810271518905297,0.00000000000000000000000000000000000000000000000018197033152102436867829381881417770808739236313790248901060136807805733058994893254333103723679031584752527828141190433985058203503756969923860655060936857089421192506870908040120390953786791814678843218817004126189182478826578217428777363,-7.53278456668809237867314971797334824153064465874831455325418279501285749988170601453490346845438584530681594291077377050013683305067194113755276822336460461738245968846403482907894054063364405200186292056149804699173014787462944114789768241e-90,3.97740283874733142391679487792791500261749620395669352734912231490612996711030264335328840681987794877423348710618566285143932301697620426755860693835866305091843032067342593658340857599964908370779010700469604326621573391080669194147015847e-95,1.35775484885260492857582909374131664461163142489743475938537238334833694761513002601521490802826511320540815175880280089053531464153659606713666366539916971057963350748607765078936950131496643452201809981939431212647356075752149865741457002e-152
tree_eta,1.0,10000000.0,quadrature,1024,-0.000000000000000000000000000000000000000000000358561824357458418384063805672740067843951520048146657046625358017975394703685895609419626238073793014404787996715561729915590621513962726514427465446520956746955312343829764776671108603493942606294344907207264833610153591777804271468564328,0.0000000000000000000000000000000000000000000000000620496459963139681825208796153592414236573198513735395648082048772953656221608856967996003162511243861694305700990609004908730389999044919141407342887457898557450471602014011387367291034959737602731130968060147983365183163688761628429100859,-3.57271705057778112532169021577164117479042258191491615227472118337827644185269544718772580526478794237657891344706228962584312108002689501265117478419691802444097658316325096165760847746131455566213754154835462763378277190889394566531436518e-90,8.95750222622020498183467042797918407486868096611871502221232240232604979386822565346398901527026094579343488798343970848329229918130891446428812388388427286647231216169278587770191293274359735016192094400233532820871122744477645992896468428e-95,1.64451199126318764687583316823893011287573108774350541262880110930880640497607563980688365718141131441410907643997941747263839355115796180652153993956535897264197162739716515934865109293235369043175059768687749725498661713432346685034979168e-152
tree_eta,1.0,10000000.0,pi,0,-0.000000000000000000000000000000000000000000000359469446880482181557513444830003149430938947671868589267058615132170490747387172416992752545432893158333144083285334241973611545481902327885377115900066425611761259620878514181212487159403487391402489755542731708213975968545037851712403022,0.00000000000000000000000000000000000000000000000175366652876778014675627526026804505868423827151845403853659061709832020482017095153664432531001453616530965439982537309217833846562268742762197499330838339630444778179909728386512498780988990079623276090782792058084024411388890258908594284,0.0,3.22721778406824819774957209347650943902606328372479787331009322170781590485467165802359745863062432333073774586874236210521837111557183991020665537406749067971514144939939008250223115854270362982412776299994786030882052490422425209336933761e-94,3.40042420811423262651511426411071537841816328623540552644986786993392692194412034950508906705423600245482700211333477841189151401804782388696556487488022286842072108063625107051010528675672339255952975325818772768998659685318712563450633472e-154
tree_eta,1.0,10000000.0,pi,512,-0.000000000000000000000000000000000000000000000358658800700406026922524045811905128450034935345928723422343869931982673423899021614936347025364346652010127855286478683305129813927088608238778188350009216053404317417071488031753276271176656195079397192263044482149290160752969633369236614,0.000000000000000000000000000000000000000000000000181970331521024368678293818814177708087408431380253201670259252298456530935910076894924450581754977567787694372461447018210401732415079045084972559488238399817705805583500343210308809714096102519880459609436122720420631256432833692856580801,0.0,2.78683255081037991775050667765424887320233109931860070756150956120371687938979988382776017261722341078976552496524941003903775997578956785127612459007540670189566837359922693887535368426067813777799717228128506200085012004446232237174406656e-94,1.57040440832905404738997226506429958999918778659929247722871980303957112468815823792558677762705750247293401851185478842354808433510426976013891038838071423477420371798750638733314999329262742017492233853221923591895631276225901657518578719e-153
tree_eta,1.0,10000000.0,pi,1024,-0.000000000000000000000000000000000000000000000358561824357458418384063805672740067843951527661645060773390272296072143950371659290715502549941468992317480004658655073270252101303212400129253211834225887258887364166546545288507398224780316542208091469498903806606649636447235766335558729,0.0000000000000000000000000000000000000000000000000620496459963139681825208796153592414236642345930432512425679016256081507357272149921960731469942186637200366005890818158289913294029317995719976678873485174937584301522824516017938745122177775054414473157409137196385386338453820015420548685,0.0,7.74847484271852356796263706833015109591200615321317013078708997926366565966871715185744010255903143785626644678144879020662052805503820181405323512355805325394039680620511313958651984791715044904119802371256516554657340378646110333084563571e-94,1.29119028513037260250179268006125333150478138117931797168373911912457839415763025981186480365021735601886179047411039527752137253830193372194829378986623948307585469093463796987836027025293971967147902290703173191256503428567363993148296157e-152
scalar_retuned_eta,1.0,0.000001,zero,0,-0.000000000000000000000000000000000000000000000359469446880638009410718811494948143210217420289271191287198136461037207997054925605575125391757753248629083452059108879128114176787192831191736070778418471504533854624831710219365416348294278948716564601991529386193132723343080462293212075,0.00000000000000000000000000000000000000000000000175366652876778014675627525981928784755714604551726525294696610290160732288038745703777848940678764700878369785134787584636781105253709939447275173081169988724301313232582830265317117040586714261626235953651769843142919971013010814448669134,0.0,3.35494660357764615396088158106948444246536965020827608380655166381245715068333829420476856533224195288816974003036560243412872057843698115855856665450540206516411769360884837700195183759101499363965211281046012449735209726221301859304942151e-94,6.70365884814943881433457697285652877803941290688835102723292759047071046933822923497355441418987231311657729628607244928732809515010417709988507510309530595740707713856483468697200086529839878553696629157972297302888909363391763676093720076e-154
scalar_retuned_eta,1.0,0.000001,zero,512,-0.00000000000000000000000000000000000000000000035865880070056184901038693605417519985691165749752262496718484261307401240728017789661751872545102211554243851316528342763363618589983222612971907007868655511501622008377198540401216899382932989474863003339268624727647890318405321255235976,0.000000000000000000000000000000000000000000000000181970331521033884753808905319923511795785640721026090066116381336694767545884317748297285428445314195002053528011813034609495364135153739578712135179841950907486947409807738197560270063099086876350573786655343053306346562457804516219432845,0.0,1.01756718783299801991462687741004098206733032503387782932666140847765558742343940244975278642721701846181148786294477641491470115850769470141212926599013340874456164513845700138411096900728319759306721271210058052063607154674050641642582352e-94,2.12188293368312522688035316378931659757633112368003528147010341314910364118065529638425645784701197313043066461272676364850271696662104701895784342832326235613811129918794904237728478898213988956750567411369057080450840720952076060011129176e-153
scalar_retuned_eta,1.0,0.000001,zero,1024,-0.000000000000000000000000000000000000000000000358561824357614227964223810336909092779901345644348900231343506358100929161149227318661241352756987229298540756270808747802469765858878666568528899402966260925258800071740130785926575910841954159970006617092064773506157272456839666045464083,0.000000000000000000000000000000000000000000000000062049645996330602534941733801574917550180596897487007202427874283188584207357694513128215771620930450358639708486479773223327397726358801829604896148370278849814000815767398647935709809258886909443924470146502309995363411361030406664702173,0.0,3.67776125232699418131971603837731746486516286806980401255019416377665755298685778863353793330119019343892618253757482701777231869677122005536362712170959474193731056934290100887983903432320343942399755487853236940046179129092652876369305227e-94,4.29978370624197518411271613885716271436246215087899878813557712403762552508230712286279378754767982520084848516066491305801563140497919578829226843622551233008531847186287925168202841288631024265697112020965931898683749727090377978935729204e-153
scalar_retuned_eta,1.0,0.000001,quadrature,0,-0.000000000000000000000000000000000000000000000359469446880638009410718811495465119670563919897714158038948695070443139512395309957586423718867828649034811981035096073340973346740744589654367957589028320081205377536841223794967357565183757063379567577351531436056422016935822069384217646,0.00000000000000000000000000000000000000000000000175366652876778014675627526026804505868419339579734135231680451332614036529171669395303990749982330037015612216422626478420375038752399942184641967133570582348614286732677903522741063419184088082584633921215404947825912410064513210938537599,-0.000000000000000000000000000000000000000000000000000000000000000000000000000172325486782166536147655583916852869801977171780128118053197021272346036999702353594643645762866402034453660706599161669326144075763443865631530996502698444534309521255610154206885495348334588911406711842298911812084838961969938521950472108,4.58149418889001851662667572304457505524084867850914005825909715839594375140668862198013742819436014105959796123370896239649023407197347152429545596983335126793712357319649696122940830791014762676168693766586348777815630525443206666725207028e-94,3.93907848714595277598093015251045911181290920287117982309345984622428769039943657494896724361602659124527230011123538218291015480362376361858036260418502109808359827710206616711367118024367202308475693772275214925744435655735878548908723709e-156
scalar_retuned_eta,1.0,0.000001,quadrature,512,-0.00000000000000000000000000000000000000000000035865880070056184901038693605435507721653546749994803469582007002094604104847813159656695977319894878527028073934480591590104552286683291891087622312334275726517929094469820778514661324152071067597058931835143702801972648806923911160334123,0.000000000000000000000000000000000000000000000000181970331521033884753808905480605935302982062611953515407436839514494201198919479332311541131576093821378295730949463008782036325134816933890234985391113174133238625056543165178293118365983496909656993183806821373893774846837160359319504609,-0.0000000000000000000000000000000000000000000000000000000000000000000000000000753278456669136578606743392646349361088011321161678459741340652316923797638234902968641669200720834912456513971821205020472888385575727761620959727758047724808584635028945238801694597509496493515176280316465398796910150247633580325112259617,6.15304293260310938570318564363311707591052472654111907821976019692828821485953460988440211390995024644777143146472487910174380823835092228885059925900613620279676987240210160087314003662225949630345893862497699557024357521284918664789315788e-94,5.87638924065971143417629901115173920301694012738403234214149046995499709836932925358121072675461166086004475638632442702763979546731271106163837211338637545247219743771253648605165529883811680351507367311781500917545758709761454990600025481e-153
scalar_retuned_eta,1.0,0.000001,quadrature,1024,-0.000000000000000000000000000000000000000000000358561824357614227964223810336985227763938646378311445382795617328681963004362304597780511994666662353271449586287003505615038216213996191944588878021258070528786568024778516999041829557834154636503476194464200140151843600149755095234511927,0.0000000000000000000000000000000000000000000000000620496459963306025349417338707223342473274228335657614660304920471505978609619233685150579871545624605746641865799719073196071192322679861682639978324897622722595530031788872907532291165635368687454965150422222405721746089048220085228095475,-0.0000000000000000000000000000000000000000000000000000000000000000000000000000357271705057933366652441685239283652806081937514799158267829457697053531918558593958472837598434641136479458276535218042364639678495494912345459606679433450702475405843532456287049159471494397640303827735826868301424823199731436404007329222,8.02456210696798328466004670702683298825324454213884013172582159690343025693098421188564138033687260820232491029473692430520555548075235789804318381220181957291258252768817640115939633233249804360650361446402775535769697888546185221254681897e-94,4.98512475918403328901898636058678914307259498972752400618796461254500999783299135886986318761827220450909353705347040038405161721287527051728636828434546884746751335870482600123676801788647386841827760930130028433714730821253498527477310089e-153
scalar_retuned_eta,1.0,0.000001,pi,0,-0.000000000000000000000000000000000000000000000359469446880638009410718811495982096130910419506157124790699253679849071027735694309597722045977904049440540510011075451026320522195775191539140712918725143948113628334650396791573371836576414573424189421996038148051384272010352953724358674,0.00000000000000000000000000000000000000000000000175366652876778014675627526071680226981124074607741745168664292375067340770304593086830132559285895373152854647707321587136988195120801213974774052153077345239210370534933662317894732633819205157081703733812985228075361139641909576908151108,0.0,5.55308776859226156687124879677420365089299613588687303237935366531652249931535728003134111641873708690945509999336087023647421994349631531914966000739415477435241013045677324344661141402487435535794400925562747703963835869002931095919551698e-94,1.80683644531089201099042085603708856277010136192202905164444441992821317545381999305691933152687153910701140194554748317086670475405072232764462952787287879274717672395365390415790492623309075155692193892757412737575377235896779381677377309e-154
scalar_retuned_eta,1.0,0.000001,pi,512,-0.000000000000000000000000000000000000000000000358658800700561849010386936054534954576159277502373444424455297428818069689676085296516400820946875454998122965524328340935480456547340855303074215257541537351454933323610816888557085829182610021717560108265664254620316768605107414236665259,0.000000000000000000000000000000000000000000000000181970331521033884753808905641288358810178484502880940748757297692293634851954640916325796834706873447754537933886858683176313383744366503085814218709669633712608027926851178880437817516497660490763466310292003124424005581839509135497541081,0.0,3.89389218111960918125864805798859546851461603401976681460083448264074322093334953543766613480736558125348144999930514970720815849788297965938789623176294642543957063540123969975959391077413020215575964318875246911005872432142696431911275076e-94,1.00039685570650912613602008232273113535998909013448263205090330633257997985568677918565839120663070109243276242241795696464077914685896986304732220641220116378752175288255139444619469844467033663754360392199215481277864863088490722274262997e-153
scalar_retuned_eta,1.0,0.000001,pi,1024,-0.000000000000000000000000000000000000000000000358561824357614227964223810337061362747975947112273990534247728299262996847575381876899782636576337477244358416303198262064776904831902197864790047010103681005821715241663865125564146017164392792872874450297219134583735802624608814777537768,0.0000000000000000000000000000000000000000000000000620496459963306025349417339398697509444742487696445157296331098111126115145661522239019002026881944707906886646734585608439546915664615672191059732583031301984305224794285519039287867158068907918969176473232248970787736266386544117808424593,0.0,9.81475150756906955256196039497174148788825526501831082570553316466513392373768021840859739824756521456251572493954284263419839478594341831732667155674124321901561147790698416326989235646579694783945681755313274831172467883101093057827805677e-95,2.93998880157790011073589810993479412850121049872380728857614674779823499390271734028428827388434606291630856117841292701914726051342209749041466992634270894715237393209019422434702856342398900587545353818082595935040433322454489202233733701e-152
scalar_retuned_eta,1.0,1.0,zero,0,-0.000000000000000000000000000000000155827853205726134908850721806581436711778820741780644714154582398621776596897356618167027396255397045061051788055372937161908739867120130227402970092763465502227207713733584912426865304103884850681575468260315514808370761889341027459783053,0.00000000000000000000000000000000000000000000000175366652876778014675608025068558062451981734658385796520849755265711327077483864307500672681745405202755759532599460766506727358798635670335162203953875630464840333312762438830779302414630583671570750321867820654116289395971940485998691993,0.0,2.30252339290118679613795444377396656366033978251811986136794359637252866422338578880691777629473794454540529564205865899183086547873639814610578032663044001308161027371595710956220468816577940760508717598730371561408699606454537736881565717e-106,9.17721198451073295320407886322888182296751826381365771307898706256309492189670228719799089094678837173919023961977737662847147368102740459240912641425574489538009624623891390124520346489756433009540483540714710907438897058921604461520408456e-154
scalar_retuned_eta,1.0,1.0,zero,512,-0.000000000000000000000000000000000155822087863248901250649172527472665722918988126918776002564715657384100023064987343830874797314288769434389437009335474297229595931316666774212080370395999416935373779052556728229601458380970722292603344115239259314576912474861104966784934,0.00000000000000000000000000000000000000951607551526863675974823995837769804452911719980478399924231284722243879079419634174055459278702368959504336620782003111404639813297666637621898372781386051492879565699775132869862353948176959605373046683636650027367959384246660017620511008,0.0,5.33778975085132564610123533456806285613174458783778405527281798644513095111733896788415133711570039816179170136661136012762629320769792211582837099617081986946538531736500182313882509314677615436181701827218056659082731508618491768298000013e-106,2.24342034214957775704118805575042867082842820745467493921584144184426130614290231234879860151610759379500827776424794863682951129076276793122408143167068313089368524327823329553874580864795914216188146768287421918998242708667181645809529973e-163
scalar_retuned_eta,1.0,1.0,zero,1024,-0.000000000000000000000000000000000155809580160363226069517378405510393937376255193954903302900703448469452009352692507039065178022903504939291203591685857311524458915988266486349435276049837758143724253242115162064228134403638272965352829106959237684208379053937812968389629,0.0000000000000000000000000000000000000166343524209163050090891376382854730234987319771584169388594318405634376340562737231398340118712202977626573783901552742091124778525459182920379931561534497002229947934268157917571363524218798824715619880316248898659549940246512939535136254,0.0,5.45893996248341030093462500478161298917972986346475403630310652105321768097463133761688506178447252633743469213102518370037545391040455533038927686399334478334976705611080945056968505255588457778886603593934214078524007013121128481017239758e-107,6.66688813577903336590660518396621791018641646383331170557641937354185087037929205668922735542450835796613441306086635850707157664470449286310213506865908864853280372664624856439014667876467782784202756560236798551142692898525419547024523118e-164
scalar_retuned_eta,1.0,1.0,quadrature,0,-0.000000000000000000000000000000000155827853205726134908850721806581436936433402721456565286459183485896036147289465198267881352521637112869063133746987172492379274715152316929349478272501928434050967164501498369570996486812318501598650044671390125329390243238895153736152992,0.00000000000000000000000000000000000000000000000175366652876778014675627526026804505868419327972019026992818488112322771027410841379070905744881065131904502112562739915320512286937638690560223550342110133011854194874441600254111659568078407249735032131295635805341686803788720666618135366,-0.0000000000000000000000000000000000000000000000000000000000000000000000748848606598919735241015336957580865167973695267002847869849795406433188060363955805415377520734839347496568072399799225758222079458382176621088418224228996457161393281453730084304587415108916178460618921328183807374945547913911494365319703,2.57254356406495162936373646162947047542392245603049888963731409953427799856962070304083110978984416798866919723892310183703224560878238799974786036734707606204753018520404956414408333251504354786857243714940463021105597392881110459240490732e-106,5.3290061210679906106405223683288628997081344492328704519881429451924451394000118454871688011260557063007915000422743661980205655925189764795383899732236251308196475575141310258546390464971742278516901530097863140008850231250239282341261427e-154
scalar_retuned_eta,1.0,1.0,quadrature,512,-0.000000000000000000000000000000000155822087863248901250649172527472665801085551081855231215328122779513325030116377204622581754065342576322976724684748104979821498667415293043655654391624821726886480638170897573984545643814246171398787842890115636362926561117302589002765229,0.00000000000000000000000000000000000000951607551526863675974823995837776786984120258183652450493526534378354449440192730097055886810377505393152031440253360704536506259217240877215076310825907868271073176636951004704893556041859908304259132004760165464680878075208919761863115848,-0.0000000000000000000000000000000000000000000000000000000000000000000000327340739429174127471205744184722601818798561288624968050253131366702661558656673148822085624419851453818291650161141451696556887148325712200143677922444840009380652199995483028254306547978500705969261267130440946590403824053370120173256005,5.0999640442571055592865923209334792955380458912733441138906683878879554246005831098869832536025472116521127682341036743054526640594284328923713725670769471451489320995750894704367427309712524712190007503987865636225610262046019206407252441e-106,6.34181723306542471633998062402662226077714703853395987757932790312840707316853301599377192394140641736356791494269148300193761414402324049517966938398630941935611590385647462424352451303114697428594762480187212775223672880073535518935389101e-164
scalar_retuned_eta,1.0,1.0,quadrature,1024,-0.000000000000000000000000000000000155809580160363226069517378405510393970461074958214997931050915318496682935447395710194631349783336193143470738099690190983885035137975457434860336648305454915030780476174660860451193217138980395992225352300289852410090467365208852846863962,0.0000000000000000000000000000000000000166343524209163050090891376382855030718378433174415851180768784972197966832061580397712320813219683417153366978704791113924049607527272872458273500094455924068796061045561363108959124670753581629305738157001691235174722071640958392438376864,-0.0000000000000000000000000000000000000000000000000000000000000000000000155254120273020933824593105152211492329119000829005921323308732147909604316731155408424710310190048898909474181751611012195684394913557428038340715116803888213505013593438741159502869708550553841070065363912205453398749757947149904062359191,4.77154575015134073423487077974090541157758224551971231618522693753037404815619012863357846195433307514695469444609826397902795353609289185878391691033413963417759610279477123633519302500630960029520481695995302430421743318402119810680468956e-106,3.89371681801561440141600870517316126640699095639654777630548380014168670182740073873987959150585300255877009873458769174998564157716307486234548806834881819551220998243900833151662923703432467889824047595517601892599937792154298981286858053e-164
scalar_retuned_eta,1.0,1.0,pi,0,-0.000000000000000000000000000000000155827853205726134908850721806581437161087984701132485858763784573170295697681573778368735308787877180677074479438601407822849809563184503627899647140079019101016464506004137353162818922196242686307335206140765470361942421836589931049984573,0.0000000000000000000000000000000000000000000000017536665287677801467564702698505094928485692128565225746478722095893421497733781845064113880801672506105324469252601906413429584913780024438470783882974718047431117630929898374368811665710806952928657505811434104009299003555657410244670935,0.0,7.44761052103109005486542736703290728249699647289916690488066168204602260299198667265055652004844509247598221244793892537979854980902686544494813317199988234373042480070156050016920568719020796108575907103813970957516335231901998384212228325e-106,2.5058647624987349040125332838835012948502278300341269683889685098855606108393451359734969326727045783631256430832759157389548264569491838799885641731305453192194389288326915326669904728036903294423829177271856774043283781786831658240212363e-155
scalar_retuned_eta,1.0,1.0,pi,512,-0.000000000000000000000000000000000155822087863248901250649172527472665879252114036791686428091529901642550037167767065414288710816396383211564012360160735662413401403513919313071750869250308049120903256404495341761973847428732857072241360642282406001115550528845778051624855,0.00000000000000000000000000000000000000951607551526863675974823995837783769515328796386826501062821784034465019800965826020056314342052641826799726259724718297668372705136815105757813603079352239449316055362857787968951556905927990370930744130200043726160258033023242004194261964,0.0,1.35985526434272310213467904738392414331390666342826666708673826504584234772302369615800552897396168035064010072940253450271320929882474160481342953435945415469220227765216638333148560486979360913599931536229255022609832523138495040083486804e-105,1.55200469470930914027466679504149826704863351444754950055113562289711799332343696213872927782837104705580367915826720008614875198125030957909297739130972804406008929277028657068268624471841354607371365290345180576609839890840843692087222316e-164
scalar_retuned_eta,1.0,1.0,pi,1024,-0.00000000000000000000000000000000015580958016036322606951737840551039400354589472247509255920112718852391386154209891335019752154376888134765027260769452465624561135996264838337064583464245495833886875694272598504310529880965608165545712394859412559137895141510708750110076,0.000000000000000000000000000000000000016634352420916305009089137638285533120176954657724753297294325153876155732356042356402630150772716385668016017350802948575697443652908656197235181966790524122320500555619067017185626026934745415442745214921228157230835664707518532831189705,0.0,8.99719750405434043837627905900364952248063716534512004050750747534353681474706566886721622249095458344217211456085128234139857212242275212638019941428418847515822155385066855157658686448519490793243035194735569931482517753152662105752272522e-106,9.50076321991751685613278665473552635931208398506519348342447940331607231236376408096705832873568511511009704854788556373852224682492271175402795494696328304782652141945240979299080126325944193298704014198452004401749994178212428516172506947e-165
scalar_retuned_eta,1.0,10000000.0,zero,0,-0.00000155827853205366665461970239625023923491639324051255476692746301079906940873943988636849933824901504035473511661284488826615647137223992207543360530377028811007005027778344513566178070981460156248487162666729998907681925592496943464744899691,0.00000000000000000000000000000000000000000000000144257978825648645258094079422319821955222408342243545561500454066342047539977802146314052354956527890456328371602606087028464069896174506609300372153132851074704459319778963869626589757558034108919583543698538843900021442660742459552806876,0.0,4.08052905173477281209962459661268358595699520948615555540948533204944400368521579004905279453775264954208245314099519872827795274865730318989219783081386805410270775472292053095115524109797784533711807190293194090969100943879492305378062213e-134,1.21808203315731357749048946116316200177842708978116262296434491071408699492867022267123696940009909858721910472132522748163178735026623540679929827615705501707785895354286986155111620022136635753055813146273416410051702980115494389921865107e-105
scalar_retuned_eta,1.0,10000000.0,zero,512,-0.00000155822087862890242449948766500550141755309517681689190467954611312580824924823402254158138015484907599686347938351529325663315276679200253955723848041389921527360222347283449070236417210352699539966750601195213786719742191903270283306729252,0.0000000000951607551508666642822721558969947405102702706317620173855433399893655813407812097607560184937782119625950972928813265552709223772548733606658339129835053034720481272637519312356175209830439333667428590443462008638120659886791663784709531855,0.0,2.81303700921742309494756398509668492426713018914712625155889815043307599510263332302788888626103718591546738435268909951143176070752648265663273406246839429565341288009199731870194618217127330637548075396674621226790231241280574245131941216e-134,1.84633114750086806376093467317639666568267066471628202225727746949613359129366472406798722236062012464604278131545398745491298540558133114104645894142969794433941302235974408699820121463836149036099480298122976229740336192441829939964255297e-143
scalar_retuned_eta,1.0,10000000.0,zero,1024,-0.00000155809580160004664245159919987126330164824211982333556588074075399480616262880887709559697733143524904534708043163261301502382297613992202265836575831664230211232261782242218574457848015460916813551432541929539394258269946768831983732981916,0.000000000166343524208542553630928236701029821922147748904974508590743736054967837918555905305091509235212867969877711454670941604221908394813720957483283486156383677385849521034657202633733488798466509246820166687185633793485875090694357679421399865,0.0,1.11452041049528999795765774153137153869399519848811917613597314661905818878630973228784004211382837400815738113717334440390472321469376279020481559081813491485676801784468648678153462425747001178616558766542299039447363276018948244327238827e-133,1.05597517651120250979066925192035470771855107676487626205814986301698929366611885027788419327458458717645905813714613889575816874146088015912772766338924138528679345901001266233324723926341880091011092751397718641050293165375700395105236482e-143
scalar_retuned_eta,1.0,10000000.0,quadrature,0,-0.00000155827853205366665461970239625023923491639346516713674608640712275739554215271184402677723523725108734676507158762002542015821882212190922769735710862516730425033025432834732147688619139964866445131135832809705862341211048841721444135424492,0.00000000000000000000000000000000000000000000000163758937072047185974574707821480532712565610916906002471949182816308240657744575520133678911832599408671097835080101015457837221417190296420091150852576681412735447167838597443889736764263983581500855318049866628587676737609018856510011762,-0.0000000000000000000000000000000000000000000000000748848606597196480373194420444710906525662489190436443313191906262668219748465667237899500174041233301427038681333991127089498327877287145687817451411290071292085176962067887911983096910027294213000807448007930081095925861253774310044208241,7.41184738762403195764838892715552522433570685922061588774326833339624949030178081159319856565468726161243545242134962158780586147198627831282659194099810260469413972709568297319982796343117305130470269895117555939993600893607012805288184887e-134,1.07302877808618218594957837457898220871884305701575193297702342994446484128525113004312556388412608565776695221618360171899196763094642071743145355210914798711202412902618099250827204505403869632212241980148845153855112780100462426130073924e-105
scalar_retuned_eta,1.0,10000000.0,quadrature,512,-0.00000155822087862890242449948766500550141755309525498345485943612396626548353551500405755974317416019498715007905907301153932275511013748246632453914237727592552787749997428390092590822654154849732192165577419330949499514775840827305551924313423,0.0000000000951607551508666642822721558969947405103400959438472387348603385557214990596829437197967489564023179757810882968796138384376929678428557503007619161703556565455592024418073770326891102009344380031046643328117122644636586526045357276839524363,-0.0000000000000000000000000000000000000000000000000327340739428420849014536934946855286847136769907344496184108621778725031203632878686826964824559779571275810127816204932347207771633368380186526750573786251161704182689932425599370674908029305386435540833408606080870933433774565744238617826,4.63166864651731011535835412567741122154488588093519487507320725086641416843030713211890637494185717061648136879619526832913012674956326241411546115150884893698407998221030402247087790953696363193727244327141550209013922091707372494776862994e-134,1.84633114750086806376093467317639666568129371209390838605927230802103290130259857338139704931639957686993883479574197509150399032528502761634951423938669980395979273361723956620218313230424024595070978356711078908866248664885175702346379478e-143
scalar_retuned_eta,1.0,10000000.0,quadrature,1024,-0.00000155809580160004664245159919987126330164824215290815533006470039810775038351325883570777220630886063168423401528330476562436986338044548399211408381830270809599686422652151869713768091227654085028434560508218209483491406614969449757791629852,0.000000000166343524208542553630928236701029821922177797244085779726495218155636897607431835891954327378352015445885908784562669130741740378441925800252902050186917662298492884852926297856700514974748642552418656986895414064499191053391849673163216038,-0.0000000000000000000000000000000000000000000000000155254120272663662119535327039679323307600292512778081866987706745238885341965907569908477951582381528978130653441102497707916024203285350576293617763209763702137750018794339143585324294669229904674483170802376142018421649920388917027056456,6.05318972574040444783461839042634403893122904646421473721844583562639147320839786811118580518998374945249509387250847360266258875035739129347530489192804840460133231518383123398856518267919552706826378547720202675191321144068643029267510355e-134,1.05597517651120250979066925192035470771835536955053380069457222840372404681464659132974138387993659671923245294177659221788898909572832884804723784447428497856816925855991535934309056207702072786331643798071876917930962561114332065083375358e-143
scalar_retuned_eta,1.0,10000000.0,pi,0,-0.00000155827853205366665461970239625023923491639368982171872524535123471572167556598380168505513222548713433879502656239516257415996627200683084261999555108442375620741177822421509178694364957733225168402591869241597516681255006746027446068637721,0.00000000000000000000000000000000000000000000000183259895318445726691055336220641243469908813491568459382397911566274433775511348893953306066203418301730902737703882756030881186397433786082291672825238908043856789501285793363707949833919862298315797123210606116746249017370278119268433969,0.0,1.21605234127849820518817231518286829600370468181357149396513026970122652276016984884337553102125346058541415104905293751256902269273315132422309360798899327166776603476907842577893807030831694534067427367320983112452256065977460748982795571e-133,9.58846188587908564394080216802747492202472771614993772098331624147458227094184002732330581842477849704848721583486627776550798007290328569311195468549446710784404902725357712919792835378352735261851460415492834152178684699247878650953521948e-106
scalar_retuned_eta,1.0,10000000.0,pi,512,-0.00000155822087862890242449948766500550141755309533315001781419270181940515882178177409257790496816554089830329463876250778538887706750817318617898415166557260230982919446287461640953033391779140095441896425374111671592863130207732743008433457624,0.0000000000951607551508666642822721558969947405104099212559324600841773371220774167785846776788374794190264239889670793008779011216044635589522350914229268241486398604756893381394106653337670429130415784310195544251077136759216681852452480694563017477,0.0,1.30934909101015799121037269591990587934835348052778884792356841293235768963500456410375046840011172245652874945821378826065739584132764251051611643237656065971575904162273679215247274175001270674763523871686880004788181502342047721025589582e-133,1.84633114750086806376093467317639666567991675947134876867727231968364108477788171601510199769461378581555890714862237877159311557498658741461478217168968149479092503355101120335196106919414265143707412728764412790225673552415557276342204832e-143
scalar_retuned_eta,1.0,10000000.0,pi,1024,-0.0000015580958016000466424515991998712633016482421859929750942486600422206946043977087943199474352862860143231209501349769182337159037847510826546548607710973022751256303053541403347976800312346517352521462206113337222095597694167634470870574585,0.000000000166343524208542553630928236701029821922207845583197050862246700256305957296307766478817145521491162921894106114454396657261572362144844273797722905727259495761973476517398604210320298259717824396239320224216856309420885494951349790706743304,0.0,3.42235686484470430872483667097140937103848460852732866000373240426390193140725007235623541129984319284064884641225650928516305719123149139599777849166593696650001087052120127139548100625049689556275150734286685823402715081447926190321344994e-134,1.05597517651120250979066925192035470771815966233851517199999282329502346302622802085115459528963160437666947480684797932265720806491693418819968330569745823156951760245486151758578832097323947001840133416395941134358598234545523574987541085e-143
